Type,Front,Back,Tags
"Cloze","A hash table has {{c1::O(1)}} average lookup time","","arrays_hashing::complexity"
"Cloze","A hash table has {{c1::O(n)}} worst-case lookup time due to collisions","","arrays_hashing::complexity"
"Cloze","Hash table insertion is {{c1::O(1)}} average time","","arrays_hashing::complexity"
"Cloze","Hash table space complexity is {{c1::O(n)}} where n is number of elements","","arrays_hashing::complexity"
"Cloze","A {{c1::hash function}} converts a key into an array index","","arrays_hashing::concept"
"Cloze","A {{c1::collision}} occurs when two keys hash to the same index","","arrays_hashing::concept"
"Cloze","{{c1::Chaining}} handles collisions by storing multiple elements at same index in a linked list","","arrays_hashing::concept"
"Cloze","{{c1::Open addressing}} handles collisions by probing for next empty slot","","arrays_hashing::concept"
"Cloze","A {{c1::set}} stores unique elements with O(1) lookup","","arrays_hashing::concept"
"Cloze","Import Counter: {{c1::from collections import Counter}}","","arrays_hashing::python"
"Cloze","Import defaultdict: {{c1::from collections import defaultdict}}","","arrays_hashing::python"
"Cloze","Create Counter from list: {{c1::Counter(nums)}}","","arrays_hashing::python"
"Cloze","Create defaultdict with list: {{c1::defaultdict(list)}}","","arrays_hashing::python"
"Cloze","Create defaultdict with int: {{c1::defaultdict(int)}}","","arrays_hashing::python"
"Cloze","Create empty set: {{c1::set()}} not {}","","arrays_hashing::python"
"Cloze","Add to set: {{c1::my_set.add(x)}}","","arrays_hashing::python"
"Cloze","Remove from set: {{c1::my_set.remove(x)}} or {{c2::my_set.discard(x)}}","","arrays_hashing::python"
"Cloze","Check if in set: {{c1::x in my_set}}","","arrays_hashing::python"
"Cloze","Get most common from Counter: {{c1::counter.most_common(k)}}","","arrays_hashing::python"
"Cloze","Iterate with index: {{c1::for i, val in enumerate(nums)}}","","arrays_hashing::python"
"Cloze","Get dict keys: {{c1::dict.keys()}}","","arrays_hashing::python"
"Cloze","Get dict values: {{c1::dict.values()}}","","arrays_hashing::python"
"Cloze","Get dict items: {{c1::dict.items()}}","","arrays_hashing::python"
"Cloze","Get value with default: {{c1::dict.get(key, default)}}","","arrays_hashing::python"
"Cloze","Set default if key missing: {{c1::dict.setdefault(key, default)}}","","arrays_hashing::python"
"Cloze","Update dict with another: {{c1::dict1.update(dict2)}}","","arrays_hashing::python"
"Cloze","Delete key from dict: {{c1::del dict[key]}} or {{c2::dict.pop(key)}}","","arrays_hashing::python"
"Cloze","Set intersection: {{c1::set1 & set2}} or {{c2::set1.intersection(set2)}}","","arrays_hashing::python"
"Cloze","Set union: {{c1::set1 | set2}} or {{c2::set1.union(set2)}}","","arrays_hashing::python"
"Cloze","Set difference: {{c1::set1 - set2}} or {{c2::set1.difference(set2)}}","","arrays_hashing::python"
"Basic","Problem asks for 'frequency of elements'. What data structure?","Counter or dict","arrays_hashing::pattern"
"Basic","Problem asks to 'find duplicates'. What data structure?","Set","arrays_hashing::pattern"
"Basic","Problem needs to check if element exists quickly. What structure?","Set or dict","arrays_hashing::pattern"
"Basic","Problem asks for 'pair that sums to target'. What approach?","Hashmap to store complements","arrays_hashing::pattern"
"Basic","Problem needs to group elements by property. What structure?","defaultdict(list)","arrays_hashing::pattern"
"Basic","Problem asks for 'unique elements'. What structure?","Set","arrays_hashing::pattern"
"Basic","Problem asks for 'count occurrences'. What structure?","Counter or defaultdict(int)","arrays_hashing::pattern"
"Basic","When to use Counter vs defaultdict(int)?","Counter for built-in methods like most_common(); defaultdict for simple counting","arrays_hashing::pattern"
"Basic","Problem says 'in O(1) time'. What structure likely needed?","Hash table (dict or set)","arrays_hashing::pattern"
"Basic","Problem needs to map values to indices. What structure?","Dict with {value: index}","arrays_hashing::pattern"
"Cloze","Two Sum - store complement: {{c1::seen[num] = i}}","","arrays_hashing::code"
"Cloze","Two Sum - check complement: {{c1::if target - num in seen}}","","arrays_hashing::code"
"Cloze","Group anagrams key: {{c1::tuple(sorted(s))}} or {{c2::tuple(Counter(s).items())}}","","arrays_hashing::code"
"Cloze","Check if two strings are anagrams: {{c1::Counter(s1) == Counter(s2)}}","","arrays_hashing::code"
"Cloze","Check if list has duplicates: {{c1::len(nums) != len(set(nums))}}","","arrays_hashing::code"
"Cloze","Find single duplicate with set: {{c1::if num in seen: return num}}","","arrays_hashing::code"
"Cloze","Count frequency manually: {{c1::freq[num] = freq.get(num, 0) + 1}}","","arrays_hashing::code"
"Cloze","Top K frequent - get top k: {{c1::counter.most_common(k)}}","","arrays_hashing::code"
"Cloze","Product except self - prefix product: {{c1::prefix[i] = prefix[i-1] * nums[i-1]}}","","arrays_hashing::code"
"Cloze","Encode string list with delimiter: {{c1::chr(257).join(strs)}}","","arrays_hashing::code"
"Cloze","Valid Sudoku - check row: {{c1::if num in rows[i]: return False}}","","arrays_hashing::code"
"Cloze","Valid Sudoku - box index: {{c1::(i // 3, j // 3)}}","","arrays_hashing::code"
"Cloze","Longest consecutive - start of sequence: {{c1::if num - 1 not in num_set}}","","arrays_hashing::code"
"Cloze","Longest consecutive - count sequence: {{c1::while num + length in num_set: length += 1}}","","arrays_hashing::code"
"Basic","Two Sum: Find indices of two numbers that sum to target. Approach?","Hashmap {num: index}, check if target - num exists","arrays_hashing::problem"
"Basic","Contains Duplicate: Check if array has duplicates. Approach?","Convert to set, compare lengths","arrays_hashing::problem"
"Basic","Valid Anagram: Check if two strings are anagrams. Approach?","Compare Counter of both strings","arrays_hashing::problem"
"Basic","Group Anagrams: Group strings that are anagrams. Approach?","Use sorted string or char count tuple as dict key","arrays_hashing::problem"
"Basic","Top K Frequent Elements: Find k most frequent. Approach?","Counter.most_common(k) or bucket sort","arrays_hashing::problem"
"Basic","Product of Array Except Self: Product without division. Approach?","Prefix and suffix products in two passes","arrays_hashing::problem"
"Basic","Valid Sudoku: Validate 9x9 board. Approach?","Track seen numbers in rows, cols, boxes using sets","arrays_hashing::problem"
"Basic","Longest Consecutive Sequence: Find longest consecutive sequence in O(n). Approach?","Set for O(1) lookup, only start counting from sequence start","arrays_hashing::problem"
"Basic","Time complexity of Two Sum with hashmap?","O(n)","arrays_hashing::complexity"
"Basic","Space complexity of Two Sum with hashmap?","O(n)","arrays_hashing::complexity"
"Basic","Time complexity of Group Anagrams?","O(n * k log k) where k is max string length","arrays_hashing::complexity"
"Basic","Time complexity of Top K Frequent with Counter?","O(n log k) with heap or O(n) with bucket sort","arrays_hashing::complexity"
"Basic","Time complexity of Product Except Self?","O(n)","arrays_hashing::complexity"
"Basic","Time complexity of Longest Consecutive Sequence?","O(n)","arrays_hashing::complexity"
"Basic","Why is Longest Consecutive O(n) with a while loop?","Each element visited at most twice (once in loop, once in while)","arrays_hashing::complexity"
"Cloze","Bucket sort for frequency: create {{c1::n+1}} buckets where index = frequency","","arrays_hashing::code"
"Cloze","Check if string has all unique chars: {{c1::len(s) == len(set(s))}}","","arrays_hashing::code"
"Cloze","Build frequency dict from scratch: {{c1::freq = {}; for c in s: freq[c] = freq.get(c, 0) + 1}}","","arrays_hashing::code"
"Basic","What's the difference between dict and OrderedDict in Python 3.7+?","Regular dict maintains insertion order; OrderedDict has move_to_end() and equality considers order","arrays_hashing::concept"
"Cloze","Frozenset is a {{c1::hashable}} version of set","","arrays_hashing::concept"
"Cloze","Use {{c1::frozenset}} when you need a set as a dict key","","arrays_hashing::python"
"Basic","Can a list be a dict key?","No, lists are mutable and unhashable; use tuple instead","arrays_hashing::concept"
"Cloze","Two pointers technique uses {{c1::O(1)}} extra space","","two_pointers::complexity"
"Cloze","Two pointers on sorted array typically achieves {{c1::O(n)}} time","","two_pointers::complexity"
"Cloze","Two pointers avoids {{c1::O(n²)}} brute force by eliminating redundant comparisons","","two_pointers::concept"
"Cloze","{{c1::Opposite ends}} pattern: start pointers at beginning and end, move toward center","","two_pointers::concept"
"Cloze","{{c1::Same direction}} pattern: both pointers move left to right at different speeds","","two_pointers::concept"
"Cloze","{{c1::Fast/slow}} pointer pattern: one moves faster to detect cycles or find middle","","two_pointers::concept"
"Cloze","Two pointers works best on {{c1::sorted}} arrays or when order matters","","two_pointers::concept"
"Cloze","Sort list in Python: {{c1::nums.sort()}} (in-place) or {{c2::sorted(nums)}} (new list)","","two_pointers::python"
"Cloze","Sort with custom key: {{c1::sorted(arr, key=lambda x: x[1])}}","","two_pointers::python"
"Cloze","Sort in reverse: {{c1::sorted(arr, reverse=True)}}","","two_pointers::python"
"Cloze","Reverse list in-place: {{c1::nums.reverse()}} or {{c2::nums[:] = nums[::-1]}}","","two_pointers::python"
"Cloze","Reverse with slicing: {{c1::nums[::-1]}}","","two_pointers::python"
"Cloze","Swap in Python: {{c1::a, b = b, a}}","","two_pointers::python"
"Cloze","Get absolute value: {{c1::abs(x)}}","","two_pointers::python"
"Cloze","String to list of chars: {{c1::list(s)}}","","two_pointers::python"
"Cloze","List of chars to string: {{c1::''.join(chars)}}","","two_pointers::python"
"Cloze","Check if char is alphanumeric: {{c1::c.isalnum()}}","","two_pointers::python"
"Cloze","Convert char to lowercase: {{c1::c.lower()}}","","two_pointers::python"
"Basic","Array is sorted - what technique to consider?","Two pointers or binary search","two_pointers::pattern"
"Basic","Problem asks for 'pair with sum X' in sorted array. Approach?","Two pointers from opposite ends","two_pointers::pattern"
"Basic","Problem asks to 'reverse in-place'. Approach?","Two pointers swapping from ends toward center","two_pointers::pattern"
"Basic","Problem involves 'removing duplicates from sorted array'. Approach?","Slow pointer for write position, fast for reading","two_pointers::pattern"
"Basic","Problem asks for 'container with most water'. Approach?","Two pointers from ends, move the shorter one","two_pointers::pattern"
"Basic","Problem asks for 'triplet with sum X'. Approach?","Sort + fix first element + two pointers on rest","two_pointers::pattern"
"Basic","Problem needs to 'check if palindrome'. Approach?","Two pointers from opposite ends comparing chars","two_pointers::pattern"
"Basic","Problem says 'merge two sorted arrays'. Approach?","Two pointers, one per array, compare and advance","two_pointers::pattern"
"Basic","Problem needs 'partition array around pivot'. Approach?","Two pointers swapping elements to correct side","two_pointers::pattern"
"Basic","Problem asks to 'move zeros to end'. Approach?","Slow pointer for next non-zero position, fast scans","two_pointers::pattern"
"Cloze","Two Sum II (sorted) - move pointers: if sum < target {{c1::left += 1}} else {{c2::right -= 1}}","","two_pointers::code"
"Cloze","Two Sum II - opposite ends setup: {{c1::left, right = 0, len(nums) - 1}}","","two_pointers::code"
"Cloze","Valid Palindrome - skip non-alphanumeric: {{c1::while left < right and not s[left].isalnum(): left += 1}}","","two_pointers::code"
"Cloze","3Sum - skip duplicates for first element: {{c1::if i > 0 and nums[i] == nums[i-1]: continue}}","","two_pointers::code"
"Cloze","3Sum - skip duplicates for second element: {{c1::while left < right and nums[left] == nums[left-1]: left += 1}}","","two_pointers::code"
"Cloze","Container With Most Water - area formula: {{c1::min(height[left], height[right]) * (right - left)}}","","two_pointers::code"
"Cloze","Container With Most Water - move shorter: {{c1::if height[left] < height[right]: left += 1 else: right -= 1}}","","two_pointers::code"
"Cloze","Remove duplicates - write position: {{c1::if nums[i] != nums[write_idx - 1]: nums[write_idx] = nums[i]; write_idx += 1}}","","two_pointers::code"
"Cloze","Move zeros - swap non-zero: {{c1::if nums[fast] != 0: nums[slow], nums[fast] = nums[fast], nums[slow]; slow += 1}}","","two_pointers::code"
"Cloze","Reverse string in-place: {{c1::while left < right: s[left], s[right] = s[right], s[left]; left += 1; right -= 1}}","","two_pointers::code"
"Cloze","Trapping rain water - water at position: {{c1::min(left_max, right_max) - height[i]}}","","two_pointers::code"
"Cloze","Trapping rain water - update max: {{c1::left_max = max(left_max, height[left])}}","","two_pointers::code"
"Cloze","Sort colors (Dutch flag) - three pointers: {{c1::low, mid, high = 0, 0, len(nums) - 1}}","","two_pointers::code"
"Cloze","Merge sorted arrays - compare and place: {{c1::if nums1[p1] > nums2[p2]: nums1[p] = nums1[p1]; p1 -= 1}}","","two_pointers::code"
"Basic","Two Sum II: Find pair summing to target in sorted array. Approach?","Two pointers from ends, adjust based on sum comparison","two_pointers::problem"
"Basic","Valid Palindrome: Check if string is palindrome ignoring non-alphanumeric. Approach?","Two pointers from ends, skip non-alphanumeric, compare lowercase","two_pointers::problem"
"Basic","3Sum: Find triplets summing to zero. Approach?","Sort, fix first num, two pointers for remaining two, skip duplicates","two_pointers::problem"
"Basic","Container With Most Water: Max area between lines. Approach?","Two pointers from ends, move shorter line inward","two_pointers::problem"
"Basic","Trapping Rain Water: Water trapped between bars. Approach?","Two pointers tracking left_max and right_max, fill from shorter side","two_pointers::problem"
"Basic","Remove Duplicates from Sorted Array: In-place unique elements. Approach?","Write pointer for unique position, read pointer scans array","two_pointers::problem"
"Basic","Move Zeroes: Move zeros to end maintaining order. Approach?","Write pointer for next non-zero, swap when found","two_pointers::problem"
"Basic","Sort Colors: Sort array of 0,1,2 in-place. Approach?","Dutch National Flag: three pointers for low, mid, high","two_pointers::problem"
"Basic","Time complexity of Two Sum II?","O(n)","two_pointers::complexity"
"Basic","Time complexity of 3Sum?","O(n²) - sort is O(n log n), two pointers for each element is O(n)","two_pointers::complexity"
"Basic","Time complexity of Container With Most Water?","O(n)","two_pointers::complexity"
"Basic","Time complexity of Trapping Rain Water with two pointers?","O(n)","two_pointers::complexity"
"Basic","Space complexity of two pointer solutions?","O(1) extra space (not counting output)","two_pointers::complexity"
"Basic","Why move the shorter line in Container With Most Water?","Moving taller line can only decrease area; moving shorter might increase it","two_pointers::concept"
"Basic","Why does 3Sum need to skip duplicates?","To avoid duplicate triplets in the result","two_pointers::concept"
"Basic","When to use opposite ends vs same direction pointers?","Opposite: searching/comparing extremes. Same: maintaining a window or partition","two_pointers::concept"
"Cloze","4Sum uses {{c1::O(n³)}} time with sorting and two pointers","","two_pointers::complexity"
"Cloze","In-place reverse uses {{c1::O(1)}} space by swapping elements","","two_pointers::complexity"
"Cloze","Squares of sorted array: {{c1::compare abs values}} from both ends","","two_pointers::code"
"Cloze","Squares of sorted array: {{c1::result[k] = nums[right]**2 if abs(nums[right]) > abs(nums[left]) else nums[left]**2}}","","two_pointers::code"
"Basic","Squares of a Sorted Array: Return sorted squares. Approach?","Two pointers from ends comparing absolute values, fill result from end","two_pointers::problem"
"Cloze","Partition array around pivot: {{c1::swap nums[left] with nums[right] when left value > pivot and right value < pivot}}","","two_pointers::code"
"Basic","What's the key insight for trapping rain water?","Water level at any position = min(max_left, max_right) - height","two_pointers::concept"
"Cloze","Boat to save people - pair heaviest with lightest: {{c1::if people[left] + people[right] <= limit: left += 1}}","","two_pointers::code"
"Cloze","Stack follows {{c1::LIFO}} (Last In First Out) order","","stack::concept"
"Cloze","Stack push operation is {{c1::O(1)}} time","","stack::complexity"
"Cloze","Stack pop operation is {{c1::O(1)}} time","","stack::complexity"
"Cloze","Stack peek/top operation is {{c1::O(1)}} time","","stack::complexity"
"Cloze","A {{c1::monotonic stack}} maintains elements in sorted order (increasing or decreasing)","","stack::concept"
"Cloze","Monotonic {{c1::decreasing}} stack pops elements smaller than current","","stack::concept"
"Cloze","Monotonic {{c1::increasing}} stack pops elements larger than current","","stack::concept"
"Cloze","Monotonic stack is used to find {{c1::next greater}} or {{c1::next smaller}} element","","stack::concept"
"Cloze","{{c1::Call stack}} tracks function calls and local variables during recursion","","stack::concept"
"Cloze","Python list as stack - push: {{c1::stack.append(x)}}","","stack::python"
"Cloze","Python list as stack - pop: {{c1::stack.pop()}}","","stack::python"
"Cloze","Python list as stack - peek: {{c1::stack[-1]}}","","stack::python"
"Cloze","Check if stack empty: {{c1::if not stack}} or {{c2::len(stack) == 0}}","","stack::python"
"Cloze","Import deque for stack: {{c1::from collections import deque}}","","stack::python"
"Cloze","deque as stack - push: {{c1::stack.append(x)}}","","stack::python"
"Cloze","deque as stack - pop: {{c1::stack.pop()}}","","stack::python"
"Cloze","Check if char is digit: {{c1::c.isdigit()}}","","stack::python"
"Cloze","Convert string to int: {{c1::int(s)}}","","stack::python"
"Cloze","Integer division toward zero: {{c1::int(a / b)}} not a // b","","stack::python"
"Cloze","Get ASCII value: {{c1::ord(c)}}","","stack::python"
"Cloze","Get char from ASCII: {{c1::chr(n)}}","","stack::python"
"Basic","Problem asks to 'match brackets/parentheses'. What structure?","Stack","stack::pattern"
"Basic","Problem asks for 'next greater element'. What approach?","Monotonic decreasing stack","stack::pattern"
"Basic","Problem asks for 'next smaller element'. What approach?","Monotonic increasing stack","stack::pattern"
"Basic","Problem involves 'evaluating expression'. What structure?","Stack (one for numbers, optionally one for operators)","stack::pattern"
"Basic","Problem asks for 'largest rectangle in histogram'. What approach?","Monotonic increasing stack","stack::pattern"
"Basic","Problem needs to 'reverse' something. What structure often helps?","Stack","stack::pattern"
"Basic","Problem involves 'undo operations'. What structure?","Stack","stack::pattern"
"Basic","Problem asks for 'min element in stack in O(1)'. What approach?","Two stacks: main stack and min stack","stack::pattern"
"Basic","Problem has 'nested structure' like nested lists. What structure?","Stack","stack::pattern"
"Basic","Problem asks to 'decode nested string'. What approach?","Stack to track nested levels","stack::pattern"
"Cloze","Valid parentheses - matching pairs: {{c1::pairs = {')': '(', ']': '[', '}': '{'}}}","","stack::code"
"Cloze","Valid parentheses - check match: {{c1::if not stack or stack[-1] != pairs[c]: return False}}","","stack::code"
"Cloze","Valid parentheses - final check: {{c1::return len(stack) == 0}}","","stack::code"
"Cloze","Min Stack - push to min stack: {{c1::if not min_stack or val <= min_stack[-1]: min_stack.append(val)}}","","stack::code"
"Cloze","Min Stack - pop from min stack: {{c1::if val == min_stack[-1]: min_stack.pop()}}","","stack::code"
"Cloze","Evaluate RPN - operators: {{c1::ops = {'+': lambda a,b: a+b, '-': lambda a,b: a-b, '*': lambda a,b: a*b, '/': lambda a,b: int(a/b)}}}","","stack::code"
"Cloze","Evaluate RPN - apply operator: {{c1::b, a = stack.pop(), stack.pop(); stack.append(ops[token](a, b))}}","","stack::code"
"Cloze","Next greater element - monotonic stack: {{c1::while stack and nums[stack[-1]] < nums[i]: result[stack.pop()] = nums[i]}}","","stack::code"
"Cloze","Daily temperatures - store indices: {{c1::while stack and temps[stack[-1]] < temps[i]: j = stack.pop(); result[j] = i - j}}","","stack::code"
"Cloze","Generate parentheses - backtrack condition: {{c1::if open < n: backtrack(open + 1, close)}}","","stack::code"
"Cloze","Generate parentheses - close condition: {{c1::if close < open: backtrack(open, close + 1)}}","","stack::code"
"Cloze","Largest rectangle histogram - area: {{c1::height * (right - left - 1)}} where right and left are boundaries","","stack::code"
"Cloze","Largest rectangle histogram - width with sentinel: {{c1::i - stack[-1] - 1}}","","stack::code"
"Cloze","Car fleet - time to reach: {{c1::time = (target - position) / speed}}","","stack::code"
"Cloze","Basic calculator - handle sign: {{c1::if c == '-': sign = -sign}}","","stack::code"
"Cloze","Basic calculator - handle parenthesis: {{c1::stack.append(result); stack.append(sign); result = 0; sign = 1}}","","stack::code"
"Cloze","Decode string - store state: {{c1::stack.append((current_string, current_num))}}","","stack::code"
"Basic","Valid Parentheses: Check if brackets match. Approach?","Stack, push open brackets, pop and match for close brackets","stack::problem"
"Basic","Min Stack: Stack with O(1) getMin. Approach?","Maintain parallel min stack or store pairs (val, min_so_far)","stack::problem"
"Basic","Evaluate Reverse Polish Notation: Evaluate postfix expression. Approach?","Stack for operands, pop two for each operator","stack::problem"
"Basic","Daily Temperatures: Days until warmer temp. Approach?","Monotonic decreasing stack storing indices","stack::problem"
"Basic","Generate Parentheses: All valid n-pair combinations. Approach?","Backtracking with stack/string, track open and close counts","stack::problem"
"Basic","Largest Rectangle in Histogram: Largest rectangular area. Approach?","Monotonic increasing stack, calculate area when popping","stack::problem"
"Basic","Car Fleet: How many fleets reach target. Approach?","Sort by position, stack to track fleets by time","stack::problem"
"Basic","Basic Calculator: Evaluate expression with +, -, (). Approach?","Stack to handle parentheses and signs","stack::problem"
"Basic","Time complexity of Valid Parentheses?","O(n)","stack::complexity"
"Basic","Space complexity of Valid Parentheses?","O(n) worst case (all open brackets)","stack::complexity"
"Basic","Time complexity of Daily Temperatures?","O(n) - each element pushed and popped at most once","stack::complexity"
"Basic","Time complexity of Largest Rectangle in Histogram?","O(n)","stack::complexity"
"Basic","Time complexity of Generate Parentheses?","O(4^n / sqrt(n)) - Catalan number","stack::complexity"
"Basic","Why use monotonic stack for next greater element?","Efficiently finds next greater by maintaining decreasing order","stack::concept"
"Basic","What's stored in stack for histogram problem?","Indices of bars, maintaining increasing height order","stack::concept"
"Basic","Why add sentinel values (0) to histogram stack?","To handle remaining elements and simplify boundary cases","stack::concept"
"Cloze","Simplify path - handle '..': {{c1::if stack: stack.pop()}}","","stack::code"
"Cloze","Simplify path - skip empty and '.': {{c1::if part and part != '.'}}","","stack::code"
"Basic","Simplify Unix Path: Convert path like '/a/./b/../c' to '/a/c'. Approach?","Stack for directories, pop for '..', skip '.' and empty","stack::problem"
"Cloze","Remove K digits - monotonic stack: {{c1::while k and stack and stack[-1] > digit: stack.pop(); k -= 1}}","","stack::code"
"Basic","Remove K Digits: Remove k digits for smallest number. Approach?","Monotonic increasing stack, remove larger digits before smaller","stack::problem"
"Cloze","Asteroid collision - same direction or moving apart: {{c1::if asteroid > 0 or not stack or stack[-1] < 0}}","","stack::code"
"Basic","Asteroid Collision: Asteroids collide if opposite directions. Approach?","Stack, only collision when stack top is + and current is -","stack::problem"
"Cloze","Online stock span - count days: {{c1::while stack and stack[-1][0] <= price: span += stack.pop()[1]}}","","stack::code"
"Basic","Online Stock Span: Count consecutive days with price <= today. Approach?","Monotonic stack storing (price, span) pairs","stack::problem"
"Cloze","Binary search has {{c1::O(log n)}} time complexity","","binary_search::complexity"
"Cloze","Binary search requires {{c1::O(1)}} extra space","","binary_search::complexity"
"Cloze","Binary search requires array to be {{c1::sorted}}","","binary_search::concept"
"Cloze","Binary search divides search space by {{c1::half}} each iteration","","binary_search::concept"
"Cloze","{{c1::Search space}} binary search: apply binary search on answer range, not array","","binary_search::concept"
"Cloze","{{c1::bisect_left}} returns leftmost position to insert element","","binary_search::concept"
"Cloze","{{c1::bisect_right}} returns rightmost position to insert element","","binary_search::concept"
"Cloze","Lower bound finds {{c1::first element >= target}}","","binary_search::concept"
"Cloze","Upper bound finds {{c1::first element > target}}","","binary_search::concept"
"Cloze","Import bisect: {{c1::import bisect}} or {{c2::from bisect import bisect_left, bisect_right}}","","binary_search::python"
"Cloze","Find insertion point: {{c1::bisect.bisect_left(arr, x)}}","","binary_search::python"
"Cloze","Find rightmost insertion point: {{c1::bisect.bisect_right(arr, x)}} or {{c2::bisect.bisect(arr, x)}}","","binary_search::python"
"Cloze","Insert maintaining sort order: {{c1::bisect.insort_left(arr, x)}}","","binary_search::python"
"Cloze","Binary search built-in: {{c1::bisect_left(arr, x)}} returns index of x or insertion point","","binary_search::python"
"Cloze","Check if element exists: {{c1::i = bisect_left(arr, x); return i < len(arr) and arr[i] == x}}","","binary_search::python"
"Cloze","Find floor (largest <= x): {{c1::i = bisect_right(arr, x) - 1}}","","binary_search::python"
"Cloze","Find ceiling (smallest >= x): {{c1::i = bisect_left(arr, x)}}","","binary_search::python"
"Cloze","Count elements < x: {{c1::bisect_left(arr, x)}}","","binary_search::python"
"Cloze","Count elements <= x: {{c1::bisect_right(arr, x)}}","","binary_search::python"
"Cloze","Integer mid to avoid overflow: {{c1::mid = left + (right - left) // 2}}","","binary_search::python"
"Cloze","Python mid (no overflow issue): {{c1::mid = (left + right) // 2}}","","binary_search::python"
"Basic","Problem says 'sorted array' with O(log n) required. What technique?","Binary search","binary_search::pattern"
"Basic","Problem asks for 'minimum satisfying condition'. What technique?","Binary search on answer space","binary_search::pattern"
"Basic","Problem asks for 'maximum satisfying condition'. What technique?","Binary search on answer space","binary_search::pattern"
"Basic","Problem involves 'rotated sorted array'. What approach?","Modified binary search","binary_search::pattern"
"Basic","Problem asks 'find peak element'. What approach?","Binary search comparing mid with neighbors","binary_search::pattern"
"Basic","Problem asks 'find first/last occurrence'. What approach?","Binary search with bisect_left/bisect_right","binary_search::pattern"
"Basic","Problem has 'matrix sorted row-wise and column-wise'. What approach?","Binary search or start from corner","binary_search::pattern"
"Basic","Problem asks 'minimize maximum' or 'maximize minimum'. What approach?","Binary search on answer","binary_search::pattern"
"Basic","Problem asks 'kth smallest/largest'. What approach?","Binary search on value range","binary_search::pattern"
"Cloze","Standard binary search template: {{c1::while left <= right: mid = (left + right) // 2}}","","binary_search::code"
"Cloze","Binary search - target found: {{c1::if arr[mid] == target: return mid}}","","binary_search::code"
"Cloze","Binary search - target in right half: {{c1::if arr[mid] < target: left = mid + 1}}","","binary_search::code"
"Cloze","Binary search - target in left half: {{c1::if arr[mid] > target: right = mid - 1}}","","binary_search::code"
"Cloze","Binary search - not found return: {{c1::return -1}} or {{c2::return left}} for insertion point","","binary_search::code"
"Cloze","Find first occurrence: {{c1::if arr[mid] >= target: right = mid - 1 else: left = mid + 1; return left}}","","binary_search::code"
"Cloze","Find last occurrence: {{c1::if arr[mid] <= target: left = mid + 1 else: right = mid - 1; return right}}","","binary_search::code"
"Cloze","Rotated array - find pivot: left half sorted if {{c1::nums[left] <= nums[mid]}}","","binary_search::code"
"Cloze","Rotated array - target in sorted half: {{c1::if nums[left] <= target < nums[mid]}}","","binary_search::code"
"Cloze","Find minimum in rotated: {{c1::if nums[mid] > nums[right]: left = mid + 1 else: right = mid}}","","binary_search::code"
"Cloze","Peak element - go toward higher neighbor: {{c1::if nums[mid] < nums[mid + 1]: left = mid + 1 else: right = mid}}","","binary_search::code"
"Cloze","Search space binary search template: {{c1::while left < right: mid = (left + right) // 2}}","","binary_search::code"
"Cloze","Search space - condition satisfied: {{c1::if condition(mid): right = mid else: left = mid + 1}}","","binary_search::code"
"Cloze","Koko eating bananas - hours needed: {{c1::hours = sum((pile + speed - 1) // speed for pile in piles)}}","","binary_search::code"
"Cloze","Koko eating bananas - ceiling division: {{c1::math.ceil(pile / speed)}} or {{c2::(pile + speed - 1) // speed}}","","binary_search::code"
"Cloze","Search 2D matrix - convert to 1D index: {{c1::row, col = mid // n, mid % n}}","","binary_search::code"
"Cloze","Median of two sorted - partition: {{c1::partitionX = (left + right) // 2}}","","binary_search::code"
"Cloze","Time based key-value - bisect for timestamp: {{c1::i = bisect_right(timestamps, timestamp) - 1}}","","binary_search::code"
"Basic","Binary Search: Find target in sorted array. Approach?","Standard binary search with left <= right","binary_search::problem"
"Basic","Search in Rotated Sorted Array: Find target in rotated array. Approach?","Binary search, check which half is sorted, narrow accordingly","binary_search::problem"
"Basic","Find Minimum in Rotated Sorted Array: Find min element. Approach?","Binary search comparing mid with right boundary","binary_search::problem"
"Basic","Find Peak Element: Find any peak. Approach?","Binary search moving toward higher neighbor","binary_search::problem"
"Basic","Search a 2D Matrix: Search in row-sorted matrix. Approach?","Treat as 1D array, binary search with index conversion","binary_search::problem"
"Basic","Koko Eating Bananas: Min speed to eat all in h hours. Approach?","Binary search on speed (1 to max pile)","binary_search::problem"
"Basic","Find First and Last Position: Range of target in sorted array. Approach?","Two binary searches: bisect_left and bisect_right - 1","binary_search::problem"
"Basic","Time Based Key-Value Store: Get value at or before timestamp. Approach?","Store (timestamp, value) list per key, binary search","binary_search::problem"
"Basic","Median of Two Sorted Arrays: Find median in O(log(m+n)). Approach?","Binary search on partition of smaller array","binary_search::problem"
"Basic","Time complexity of Search in Rotated Array?","O(log n)","binary_search::complexity"
"Basic","Time complexity of Koko Eating Bananas?","O(n log m) where m is max pile size","binary_search::complexity"
"Basic","Time complexity of Median of Two Sorted Arrays?","O(log(min(m, n)))","binary_search::complexity"
"Basic","Why use left + (right - left) // 2 instead of (left + right) // 2?","Prevents integer overflow in languages with fixed-size integers","binary_search::concept"
"Basic","When to use left < right vs left <= right?","left < right: searching for boundary. left <= right: searching for exact value","binary_search::concept"
"Basic","What's the difference between bisect_left and bisect_right when element exists?","bisect_left returns index of element, bisect_right returns index after element","binary_search::concept"
"Cloze","Binary search invariant: answer is always in {{c1::[left, right]}} range","","binary_search::concept"
"Cloze","For finding minimum valid answer, use {{c1::left = mid + 1}} when invalid, {{c2::right = mid}} when valid","","binary_search::concept"
"Cloze","For finding maximum valid answer, use {{c1::left = mid}} when valid, {{c2::right = mid - 1}} when invalid","","binary_search::concept"
"Cloze","Capacity to ship - days needed: {{c1::days = 1; load = 0; for w in weights: if load + w > capacity: days += 1; load = 0; load += w}}","","binary_search::code"
"Basic","Capacity To Ship Packages: Min capacity to ship in d days. Approach?","Binary search on capacity (max weight to sum of weights)","binary_search::problem"
"Basic","Split Array Largest Sum: Minimize largest subarray sum with m splits. Approach?","Binary search on answer, greedy check if m splits achieve it","binary_search::problem"
"Cloze","Square root integer: {{c1::while left <= right: mid = (left + right) // 2; if mid * mid <= x: left = mid + 1; return left - 1}}","","binary_search::code"
"Basic","Sqrt(x): Integer square root. Approach?","Binary search on answer space [0, x]","binary_search::problem"
"Cloze","Sliding window achieves {{c1::O(n)}} time by avoiding recomputation","","sliding_window::complexity"
"Cloze","Sliding window typically uses {{c1::O(1)}} or {{c1::O(k)}} extra space","","sliding_window::complexity"
"Cloze","{{c1::Fixed size}} window: window size is constant throughout","","sliding_window::concept"
"Cloze","{{c1::Variable size}} window: window expands and contracts based on condition","","sliding_window::concept"
"Cloze","Variable window expands by moving {{c1::right}} pointer","","sliding_window::concept"
"Cloze","Variable window contracts by moving {{c1::left}} pointer","","sliding_window::concept"
"Cloze","Sliding window tracks window state using {{c1::hashmap}} or {{c1::counter}}","","sliding_window::concept"
"Cloze","Window is {{c1::valid}} when it satisfies the problem constraint","","sliding_window::concept"
"Cloze","For minimum length problems, record answer when window is {{c1::valid}}","","sliding_window::concept"
"Cloze","For maximum length problems, record answer when window is {{c1::valid}} before shrinking","","sliding_window::concept"
"Cloze","Create Counter from string: {{c1::Counter(s)}}","","sliding_window::python"
"Cloze","Decrement counter and check zero: {{c1::counter[c] -= 1; if counter[c] == 0: del counter[c]}}","","sliding_window::python"
"Cloze","Check if all counts are zero: {{c1::all(v == 0 for v in counter.values())}}","","sliding_window::python"
"Cloze","Get sum of subarray: {{c1::sum(nums[left:right+1])}}","","sliding_window::python"
"Cloze","Sliding window sum update: {{c1::window_sum += nums[right] - nums[left-1]}}","","sliding_window::python"
"Cloze","Infinity for minimization: {{c1::float('inf')}}","","sliding_window::python"
"Cloze","Negative infinity for maximization: {{c1::float('-inf')}}","","sliding_window::python"
"Cloze","Compare counters: {{c1::counter1 == counter2}}","","sliding_window::python"
"Cloze","Subtract counters: {{c1::counter1 - counter2}} (keeps only positive counts)","","sliding_window::python"
"Basic","Problem asks for 'subarray of size k'. What technique?","Fixed sliding window","sliding_window::pattern"
"Basic","Problem asks for 'longest substring with condition'. What technique?","Variable sliding window","sliding_window::pattern"
"Basic","Problem asks for 'minimum window containing'. What technique?","Variable sliding window","sliding_window::pattern"
"Basic","Problem asks for 'subarray sum equals k'. What approach?","Sliding window (if positive) or prefix sum with hashmap","sliding_window::pattern"
"Basic","Problem involves 'contiguous subarray'. What technique to consider?","Sliding window or prefix sum","sliding_window::pattern"
"Basic","Problem asks for 'permutation in string'. What approach?","Fixed window with character counter","sliding_window::pattern"
"Basic","Problem asks for 'longest with at most k distinct'. What approach?","Variable window with counter tracking distinct elements","sliding_window::pattern"
"Basic","Problem asks for 'maximum sum subarray of size k'. What approach?","Fixed sliding window, maintain running sum","sliding_window::pattern"
"Cloze","Fixed window template: {{c1::for right in range(len(s)): add s[right]; if right >= k - 1: process window; remove s[right - k + 1]}}","","sliding_window::code"
"Cloze","Variable window template: {{c1::for right in range(len(s)): add s[right]; while invalid: remove s[left]; left += 1; update result}}","","sliding_window::code"
"Cloze","Maximum average subarray: {{c1::window_sum = sum(nums[:k]); max_avg = window_sum / k}}","","sliding_window::code"
"Cloze","Maximum average - slide window: {{c1::window_sum += nums[i] - nums[i - k]}}","","sliding_window::code"
"Cloze","Longest substring without repeating - add char: {{c1::while s[right] in seen: seen.remove(s[left]); left += 1}}","","sliding_window::code"
"Cloze","Longest substring without repeating - with dict: {{c1::if s[right] in last_seen and last_seen[s[right]] >= left: left = last_seen[s[right]] + 1}}","","sliding_window::code"
"Cloze","Longest repeating with k replacements: {{c1::max_len - max_freq <= k}} is valid window condition","","sliding_window::code"
"Cloze","Longest repeating - update max freq: {{c1::max_freq = max(max_freq, counter[s[right]])}}","","sliding_window::code"
"Cloze","Permutation in string - match counters: {{c1::if window_counter == pattern_counter: return True}}","","sliding_window::code"
"Cloze","Minimum window - have all chars: {{c1::if have == need}}","","sliding_window::code"
"Cloze","Minimum window - track matches: {{c1::if window[c] == need_count[c]: have += 1}}","","sliding_window::code"
"Cloze","Minimum window - contract: {{c1::while have == need: update result; remove left char; left += 1}}","","sliding_window::code"
"Cloze","Sliding window maximum - deque: {{c1::while dq and nums[dq[-1]] < nums[i]: dq.pop()}}","","sliding_window::code"
"Cloze","Sliding window maximum - remove old: {{c1::if dq[0] == i - k: dq.popleft()}}","","sliding_window::code"
"Cloze","Subarray sum - prefix sum approach: {{c1::if prefix_sum - k in seen: result += seen[prefix_sum - k]}}","","sliding_window::code"
"Basic","Best Time to Buy and Sell Stock: Max profit from single buy-sell. Approach?","Track min price so far, update max profit","sliding_window::problem"
"Basic","Longest Substring Without Repeating: Longest with unique chars. Approach?","Variable window with set or dict to track chars","sliding_window::problem"
"Basic","Longest Repeating Character Replacement: Longest with at most k replacements. Approach?","Variable window, track max frequency char","sliding_window::problem"
"Basic","Permutation in String: Check if s1's permutation is in s2. Approach?","Fixed window of len(s1), compare char counters","sliding_window::problem"
"Basic","Minimum Window Substring: Smallest window containing all chars of t. Approach?","Variable window, track matched char counts","sliding_window::problem"
"Basic","Sliding Window Maximum: Max in each window of size k. Approach?","Monotonic deque storing indices","sliding_window::problem"
"Basic","Subarray Sum Equals K: Count subarrays with sum k. Approach?","Prefix sum with hashmap (not sliding window if negatives)","sliding_window::problem"
"Basic","Time complexity of Longest Substring Without Repeating?","O(n)","sliding_window::complexity"
"Basic","Space complexity of Longest Substring Without Repeating?","O(min(n, m)) where m is charset size","sliding_window::complexity"
"Basic","Time complexity of Minimum Window Substring?","O(n + m) where n is s length, m is t length","sliding_window::complexity"
"Basic","Time complexity of Sliding Window Maximum?","O(n)","sliding_window::complexity"
"Basic","Space complexity of Sliding Window Maximum?","O(k) for the deque","sliding_window::complexity"
"Basic","Why can't basic sliding window work with negative numbers for sum problems?","Window sum can decrease when expanding, breaking the monotonic property","sliding_window::concept"
"Basic","What's the key insight for Longest Repeating Character Replacement?","Window valid if length - max_freq <= k (can replace non-max chars)","sliding_window::concept"
"Basic","Why use deque for Sliding Window Maximum?","Need to remove from both ends - front for old, back for smaller elements","sliding_window::concept"
"Cloze","Fruits into baskets - at most 2 types: {{c1::while len(counter) > 2: counter[fruits[left]] -= 1; if counter[fruits[left]] == 0: del counter[fruits[left]]; left += 1}}","","sliding_window::code"
"Basic","Fruit Into Baskets: Longest subarray with at most 2 distinct. Approach?","Variable window with counter, shrink when > 2 distinct","sliding_window::problem"
"Cloze","Max consecutive ones with k flips: {{c1::while zeros > k: if nums[left] == 0: zeros -= 1; left += 1}}","","sliding_window::code"
"Basic","Max Consecutive Ones III: Longest with at most k zeros flipped. Approach?","Variable window tracking zero count","sliding_window::problem"
"Cloze","Minimum size subarray - shrink while valid: {{c1::while window_sum >= target: min_len = min(min_len, right - left + 1); window_sum -= nums[left]; left += 1}}","","sliding_window::code"
"Basic","Minimum Size Subarray Sum: Shortest subarray with sum >= target. Approach?","Variable window, shrink while sum >= target","sliding_window::problem"
"Basic","When to use set vs dict vs Counter in sliding window?","Set: existence only. Dict: need indices. Counter: need frequencies","sliding_window::concept"
"Cloze","Linked list node access is {{c1::O(n)}} - must traverse from head","","linked_list::complexity"
"Cloze","Linked list insertion/deletion at known position is {{c1::O(1)}}","","linked_list::complexity"
"Cloze","Linked list uses {{c1::O(n)}} space for n elements","","linked_list::complexity"
"Cloze","{{c1::Singly linked}} list has nodes with value and next pointer","","linked_list::concept"
"Cloze","{{c1::Doubly linked}} list has nodes with value, next, and prev pointers","","linked_list::concept"
"Cloze","{{c1::Dummy/sentinel node}} simplifies edge cases for head operations","","linked_list::concept"
"Cloze","{{c1::Fast/slow pointers}} detect cycles and find middle","","linked_list::concept"
"Cloze","Floyd's cycle detection uses {{c1::two pointers}} moving at different speeds","","linked_list::concept"
"Cloze","If fast catches slow, there's a {{c1::cycle}}","","linked_list::concept"
"Cloze","Cycle start: reset one pointer to head, move both at {{c1::same speed}}","","linked_list::concept"
"Cloze","ListNode definition: {{c1::class ListNode: def __init__(self, val=0, next=None): self.val = val; self.next = next}}","","linked_list::python"
"Cloze","Create dummy node: {{c1::dummy = ListNode(0); dummy.next = head}}","","linked_list::python"
"Cloze","Traverse list: {{c1::while curr: process(curr); curr = curr.next}}","","linked_list::python"
"Cloze","Get list length: {{c1::length = 0; while curr: length += 1; curr = curr.next}}","","linked_list::python"
"Cloze","Insert after node: {{c1::new_node.next = node.next; node.next = new_node}}","","linked_list::python"
"Cloze","Delete next node: {{c1::node.next = node.next.next}}","","linked_list::python"
"Cloze","Return result with dummy: {{c1::return dummy.next}}","","linked_list::python"
"Basic","Problem needs 'middle of linked list'. What approach?","Fast/slow pointers - slow at middle when fast reaches end","linked_list::pattern"
"Basic","Problem asks to 'detect cycle'. What approach?","Floyd's: fast moves 2 steps, slow moves 1 step","linked_list::pattern"
"Basic","Problem asks to 'find cycle start'. What approach?","After detection, reset one to head, move both by 1 until meet","linked_list::pattern"
"Basic","Problem asks to 'reverse linked list'. What approach?","Three pointers: prev, curr, next_temp","linked_list::pattern"
"Basic","Problem asks to 'merge two sorted lists'. What approach?","Two pointers, compare and link smaller","linked_list::pattern"
"Basic","Problem involves 'removing nodes'. What approach?","Use dummy node to handle head removal","linked_list::pattern"
"Basic","Problem asks for 'nth node from end'. What approach?","Two pointers with n-gap, or find length first","linked_list::pattern"
"Basic","Problem involves 'palindrome check'. What approach?","Find middle, reverse second half, compare","linked_list::pattern"
"Basic","Problem asks to 'reorder list'. What approach?","Find middle, reverse second half, merge alternating","linked_list::pattern"
"Cloze","Reverse list iteratively: {{c1::prev = None; while curr: next_temp = curr.next; curr.next = prev; prev = curr; curr = next_temp}}","","linked_list::code"
"Cloze","Reverse list - return: {{c1::return prev}}","","linked_list::code"
"Cloze","Reverse list recursively: {{c1::def reverse(head): if not head or not head.next: return head; new_head = reverse(head.next); head.next.next = head; head.next = None; return new_head}}","","linked_list::code"
"Cloze","Find middle (first mid): {{c1::while fast.next and fast.next.next: slow = slow.next; fast = fast.next.next}}","","linked_list::code"
"Cloze","Find middle (second mid): {{c1::while fast and fast.next: slow = slow.next; fast = fast.next.next}}","","linked_list::code"
"Cloze","Detect cycle: {{c1::while fast and fast.next: slow = slow.next; fast = fast.next.next; if slow == fast: return True}}","","linked_list::code"
"Cloze","Find cycle start: {{c1::slow = head; while slow != fast: slow = slow.next; fast = fast.next; return slow}}","","linked_list::code"
"Cloze","Merge two sorted - compare: {{c1::if l1.val <= l2.val: curr.next = l1; l1 = l1.next else: curr.next = l2; l2 = l2.next}}","","linked_list::code"
"Cloze","Merge two sorted - remaining: {{c1::curr.next = l1 if l1 else l2}}","","linked_list::code"
"Cloze","Remove nth from end - gap n: {{c1::for _ in range(n): fast = fast.next}}","","linked_list::code"
"Cloze","Remove nth from end - delete: {{c1::slow.next = slow.next.next}}","","linked_list::code"
"Cloze","Add two numbers - carry: {{c1::carry = total // 10; curr.next = ListNode(total % 10)}}","","linked_list::code"
"Cloze","Deep copy with random - store mapping: {{c1::old_to_new = {None: None}; for node in original: old_to_new[node] = Node(node.val)}}","","linked_list::code"
"Cloze","Deep copy with random - assign pointers: {{c1::old_to_new[node].next = old_to_new[node.next]; old_to_new[node].random = old_to_new[node.random]}}","","linked_list::code"
"Cloze","LRU Cache node: {{c1::class Node: def __init__(self, key, val): self.key = key; self.val = val; self.prev = None; self.next = None}}","","linked_list::code"
"Cloze","LRU remove node: {{c1::node.prev.next = node.next; node.next.prev = node.prev}}","","linked_list::code"
"Cloze","LRU add to head: {{c1::node.next = self.head.next; node.prev = self.head; self.head.next.prev = node; self.head.next = node}}","","linked_list::code"
"Basic","Reverse Linked List: Reverse entire list. Approach?","Iterative: three pointers. Recursive: reverse rest, link back","linked_list::problem"
"Basic","Merge Two Sorted Lists: Merge maintaining order. Approach?","Dummy node, compare heads, link smaller","linked_list::problem"
"Basic","Linked List Cycle: Detect if cycle exists. Approach?","Floyd's: fast (2 steps) and slow (1 step), check if meet","linked_list::problem"
"Basic","Linked List Cycle II: Find cycle start node. Approach?","After detection, reset one to head, move both by 1","linked_list::problem"
"Basic","Remove Nth Node From End: Remove nth from end. Approach?","Two pointers with n-gap, delete slow.next","linked_list::problem"
"Basic","Reorder List: L0→Ln→L1→Ln-1→... Approach?","Find middle, reverse second half, merge alternating","linked_list::problem"
"Basic","Add Two Numbers: Sum two reversed number lists. Approach?","Traverse both, track carry, create new nodes","linked_list::problem"
"Basic","Copy List with Random Pointer: Deep copy with random. Approach?","Hash map old→new, then assign next and random","linked_list::problem"
"Basic","LRU Cache: Implement O(1) get and put. Approach?","Doubly linked list + hash map","linked_list::problem"
"Basic","Time complexity of Reverse Linked List?","O(n)","linked_list::complexity"
"Basic","Space complexity of iterative reversal?","O(1)","linked_list::complexity"
"Basic","Space complexity of recursive reversal?","O(n) due to call stack","linked_list::complexity"
"Basic","Time complexity of Merge Two Sorted Lists?","O(n + m)","linked_list::complexity"
"Basic","Time complexity of detecting cycle?","O(n)","linked_list::complexity"
"Basic","Time complexity of LRU Cache operations?","O(1) for both get and put","linked_list::complexity"
"Basic","Space complexity of LRU Cache?","O(capacity)","linked_list::complexity"
"Basic","Why use dummy node for linked list problems?","Handles edge cases when head might be deleted/changed","linked_list::concept"
"Basic","Why does Floyd's algorithm find cycle start?","Math: distance from head to start equals distance from meeting point to start","linked_list::concept"
"Basic","Why doubly linked list for LRU Cache?","Need O(1) removal from middle - requires prev pointer","linked_list::concept"
"Cloze","Merge k sorted lists with heap: {{c1::heap = [(head.val, i, head) for i, head in enumerate(lists) if head]}}","","linked_list::code"
"Cloze","Merge k sorted - extract min: {{c1::val, i, node = heapq.heappop(heap); curr.next = node; if node.next: heapq.heappush(heap, (node.next.val, i, node.next))}}","","linked_list::code"
"Basic","Merge K Sorted Lists: Merge k sorted lists. Approach?","Min heap of size k, or divide and conquer","linked_list::problem"
"Basic","Time complexity of Merge K Sorted Lists with heap?","O(n log k) where n is total nodes","linked_list::complexity"
"Cloze","Reverse nodes in k-group: {{c1::while count < k and curr: curr = curr.next; count += 1; if count == k: next_head = self.reverseKGroup(curr, k)}}","","linked_list::code"
"Basic","Reverse Nodes in k-Group: Reverse every k nodes. Approach?","Count k nodes, reverse, recurse on remaining","linked_list::problem"
"Cloze","Swap pairs: {{c1::first = head; second = head.next; first.next = swapPairs(second.next); second.next = first; return second}}","","linked_list::code"
"Basic","Swap Nodes in Pairs: Swap every two adjacent nodes. Approach?","Recursion or iteration with prev pointer","linked_list::problem"
"Cloze","A {{c1::binary tree}} has at most two children per node","","trees::concept"
"Cloze","A {{c1::binary search tree}} has left < root < right property","","trees::concept"
"Cloze","Tree {{c1::height}} is longest path from root to leaf","","trees::concept"
"Cloze","Tree {{c1::depth}} of a node is distance from root","","trees::concept"
"Cloze","A {{c1::balanced}} tree has height O(log n)","","trees::concept"
"Cloze","A {{c1::complete}} binary tree has all levels full except possibly last (filled left to right)","","trees::concept"
"Cloze","A {{c1::full}} binary tree has every node with 0 or 2 children","","trees::concept"
"Cloze","A {{c1::perfect}} binary tree has all levels completely full","","trees::concept"
"Cloze","{{c1::Inorder}} traversal visits left, root, right","","trees::concept"
"Cloze","{{c1::Preorder}} traversal visits root, left, right","","trees::concept"
"Cloze","{{c1::Postorder}} traversal visits left, right, root","","trees::concept"
"Cloze","{{c1::Level order}} traversal visits level by level (BFS)","","trees::concept"
"Cloze","Inorder traversal of BST gives {{c1::sorted}} order","","trees::concept"
"Cloze","TreeNode definition: {{c1::class TreeNode: def __init__(self, val=0, left=None, right=None): self.val = val; self.left = left; self.right = right}}","","trees::python"
"Cloze","Import deque for BFS: {{c1::from collections import deque}}","","trees::python"
"Cloze","Create deque with root: {{c1::queue = deque([root])}}","","trees::python"
"Cloze","BFS pop from left: {{c1::node = queue.popleft()}}","","trees::python"
"Cloze","BFS add children: {{c1::if node.left: queue.append(node.left)}}","","trees::python"
"Cloze","Check if leaf: {{c1::if not node.left and not node.right}}","","trees::python"
"Cloze","Get max of two: {{c1::max(a, b)}}","","trees::python"
"Basic","Problem asks for 'tree traversal'. What approaches?","DFS (recursive/stack) or BFS (queue)","trees::pattern"
"Basic","Problem asks for 'level by level'. What approach?","BFS with queue, track level size","trees::pattern"
"Basic","Problem asks for 'tree height/depth'. What approach?","DFS returning max depth, or BFS counting levels","trees::pattern"
"Basic","Problem involves 'path sum'. What approach?","DFS tracking current sum","trees::pattern"
"Basic","Problem asks to 'validate BST'. What approach?","Inorder should be sorted, or pass valid range","trees::pattern"
"Basic","Problem asks for 'lowest common ancestor'. What approach?","DFS checking subtrees, or BST property","trees::pattern"
"Basic","Problem involves 'serialize/deserialize tree'. What approach?","BFS or preorder with null markers","trees::pattern"
"Basic","Problem asks to 'check if balanced'. What approach?","DFS returning height, -1 if unbalanced","trees::pattern"
"Basic","Problem asks to 'check if same/symmetric tree'. What approach?","DFS comparing nodes pairwise","trees::pattern"
"Basic","Problem needs 'rightmost at each level'. What approach?","BFS, last node of each level","trees::pattern"
"Cloze","Inorder recursive: {{c1::def inorder(node): if node: inorder(node.left); result.append(node.val); inorder(node.right)}}","","trees::code"
"Cloze","Preorder recursive: {{c1::def preorder(node): if node: result.append(node.val); preorder(node.left); preorder(node.right)}}","","trees::code"
"Cloze","Postorder recursive: {{c1::def postorder(node): if node: postorder(node.left); postorder(node.right); result.append(node.val)}}","","trees::code"
"Cloze","Inorder iterative: {{c1::while stack or curr: while curr: stack.append(curr); curr = curr.left; curr = stack.pop(); result.append(curr.val); curr = curr.right}}","","trees::code"
"Cloze","BFS level order template: {{c1::while queue: level_size = len(queue); for _ in range(level_size): node = queue.popleft()}}","","trees::code"
"Cloze","Max depth recursive: {{c1::def maxDepth(node): if not node: return 0; return 1 + max(maxDepth(node.left), maxDepth(node.right))}}","","trees::code"
"Cloze","Check same tree: {{c1::if not p and not q: return True; if not p or not q: return False; return p.val == q.val and isSame(p.left, q.left) and isSame(p.right, q.right)}}","","trees::code"
"Cloze","Invert tree: {{c1::node.left, node.right = node.right, node.left; invert(node.left); invert(node.right)}}","","trees::code"
"Cloze","Check symmetric: {{c1::def check(left, right): if not left and not right: return True; if not left or not right: return False; return left.val == right.val and check(left.left, right.right) and check(left.right, right.left)}}","","trees::code"
"Cloze","Validate BST with range: {{c1::def valid(node, low, high): if not node: return True; if node.val <= low or node.val >= high: return False; return valid(node.left, low, node.val) and valid(node.right, node.val, high)}}","","trees::code"
"Cloze","LCA in binary tree: {{c1::if not root or root == p or root == q: return root; left = lca(root.left, p, q); right = lca(root.right, p, q); if left and right: return root; return left or right}}","","trees::code"
"Cloze","LCA in BST: {{c1::if p.val < root.val and q.val < root.val: return lca(root.left, p, q); if p.val > root.val and q.val > root.val: return lca(root.right, p, q); return root}}","","trees::code"
"Cloze","Check balanced - return height or -1: {{c1::left = height(node.left); right = height(node.right); if left == -1 or right == -1 or abs(left - right) > 1: return -1; return max(left, right) + 1}}","","trees::code"
"Cloze","Diameter of tree: {{c1::def dfs(node): if not node: return 0; left = dfs(node.left); right = dfs(node.right); self.diameter = max(self.diameter, left + right); return max(left, right) + 1}}","","trees::code"
"Cloze","Path sum check: {{c1::if not node.left and not node.right: return curr_sum == target; return hasPath(node.left, curr_sum) or hasPath(node.right, curr_sum)}}","","trees::code"
"Cloze","Build tree from preorder/inorder: {{c1::root = TreeNode(preorder[pre_idx]); mid = inorder_map[root.val]; root.left = build(in_left, mid - 1); root.right = build(mid + 1, in_right)}}","","trees::code"
"Cloze","Serialize with preorder: {{c1::def serialize(node): if not node: return 'null,'; return str(node.val) + ',' + serialize(node.left) + serialize(node.right)}}","","trees::code"
"Cloze","Kth smallest in BST: {{c1::inorder traversal, return kth element}} or {{c2::stop early when k reaches 0}}","","trees::code"
"Basic","Maximum Depth of Binary Tree: Find tree height. Approach?","DFS: 1 + max(left depth, right depth)","trees::problem"
"Basic","Same Tree: Check if two trees identical. Approach?","DFS comparing values and structure","trees::problem"
"Basic","Invert Binary Tree: Mirror the tree. Approach?","DFS swapping left and right children","trees::problem"
"Basic","Binary Tree Level Order Traversal: Return levels. Approach?","BFS with queue, process level by level","trees::problem"
"Basic","Symmetric Tree: Check if tree is mirror of itself. Approach?","DFS comparing left.left with right.right","trees::problem"
"Basic","Balanced Binary Tree: Check if height-balanced. Approach?","DFS returning height, -1 if unbalanced","trees::problem"
"Basic","Diameter of Binary Tree: Longest path between any nodes. Approach?","DFS tracking max(left + right) at each node","trees::problem"
"Basic","Lowest Common Ancestor: Find LCA of two nodes. Approach?","DFS - if both found in subtrees, root is LCA","trees::problem"
"Basic","Validate Binary Search Tree: Check BST property. Approach?","Inorder should be sorted, or DFS with valid range","trees::problem"
"Basic","Kth Smallest in BST: Find kth smallest. Approach?","Inorder traversal, return kth element","trees::problem"
"Basic","Construct from Preorder and Inorder: Build tree. Approach?","Preorder gives root, inorder splits left/right subtrees","trees::problem"
"Basic","Serialize and Deserialize: Convert tree to/from string. Approach?","BFS or preorder with null markers","trees::problem"
"Basic","Time complexity of tree traversal?","O(n) - visit each node once","trees::complexity"
"Basic","Space complexity of DFS traversal?","O(h) where h is height - O(log n) balanced, O(n) skewed","trees::complexity"
"Basic","Space complexity of BFS traversal?","O(w) where w is max width - up to O(n/2) = O(n)","trees::complexity"
"Basic","Time complexity of BST search/insert/delete?","O(h) - O(log n) balanced, O(n) skewed","trees::complexity"
"Basic","Time complexity of LCA in binary tree?","O(n)","trees::complexity"
"Basic","Time complexity of constructing tree from traversals?","O(n) with hashmap for inorder indices","trees::complexity"
"Basic","Why is inorder traversal of BST sorted?","Visit left (smaller), then root, then right (larger)","trees::concept"
"Basic","How to convert sorted array to balanced BST?","Use middle as root, recurse on left and right halves","trees::concept"
"Basic","What's the difference between depth and height?","Depth: distance from root. Height: distance to deepest leaf","trees::concept"
"Cloze","Right side view - BFS last node: {{c1::for _ in range(len(queue)): node = queue.popleft(); ...; result.append(node.val)}}","","trees::code"
"Basic","Binary Tree Right Side View: Rightmost node at each level. Approach?","BFS, record last node of each level","trees::problem"
"Cloze","Count good nodes: {{c1::def dfs(node, max_val): if not node: return 0; good = 1 if node.val >= max_val else 0; max_val = max(max_val, node.val); return good + dfs(node.left, max_val) + dfs(node.right, max_val)}}","","trees::code"
"Basic","Count Good Nodes: Node is good if path from root has no greater value. Approach?","DFS tracking max value seen on path","trees::problem"
"Cloze","Subtree check: {{c1::def isSubtree(root, sub): if not root: return False; if isSame(root, sub): return True; return isSubtree(root.left, sub) or isSubtree(root.right, sub)}}","","trees::code"
"Basic","Subtree of Another Tree: Check if tree contains subtree. Approach?","Check each node as potential match, use isSameTree","trees::problem"
"Cloze","A {{c1::trie}} (prefix tree) stores strings character by character","","tries::concept"
"Cloze","Trie search time is {{c1::O(m)}} where m is word length","","tries::complexity"
"Cloze","Trie insert time is {{c1::O(m)}} where m is word length","","tries::complexity"
"Cloze","Trie space is {{c1::O(n * m)}} for n words of max length m","","tries::complexity"
"Cloze","Each trie node contains {{c1::children}} (dict/array) and {{c1::end marker}}","","tries::concept"
"Cloze","Trie is efficient for {{c1::prefix}} operations","","tries::concept"
"Cloze","Trie root represents {{c1::empty string}}","","tries::concept"
"Cloze","{{c1::startsWith}} operation finds words with given prefix","","tries::concept"
"Cloze","Trie outperforms hashmap for {{c1::prefix matching}} and {{c1::autocomplete}}","","tries::concept"
"Cloze","TrieNode with dict: {{c1::class TrieNode: def __init__(self): self.children = {}; self.is_end = False}}","","tries::python"
"Cloze","TrieNode with defaultdict: {{c1::class TrieNode: def __init__(self): self.children = defaultdict(TrieNode); self.is_end = False}}","","tries::python"
"Cloze","TrieNode with array (26 letters): {{c1::self.children = [None] * 26}}","","tries::python"
"Cloze","Get child index for char: {{c1::ord(c) - ord('a')}}","","tries::python"
"Cloze","Initialize Trie: {{c1::self.root = TrieNode()}}","","tries::python"
"Basic","Problem involves 'prefix matching'. What structure?","Trie","tries::pattern"
"Basic","Problem asks for 'autocomplete suggestions'. What structure?","Trie","tries::pattern"
"Basic","Problem involves 'word search in board'. What approach?","Trie + backtracking","tries::pattern"
"Basic","Problem asks for 'longest common prefix'. What structure can help?","Trie - traverse until branch","tries::pattern"
"Basic","Problem needs 'searching words with wildcards'. What approach?","Trie with DFS for wildcard matching","tries::pattern"
"Basic","Problem asks for 'count words with prefix'. What structure?","Trie with count at each node","tries::pattern"
"Cloze","Trie insert: {{c1::def insert(self, word): node = self.root; for c in word: if c not in node.children: node.children[c] = TrieNode(); node = node.children[c]; node.is_end = True}}","","tries::code"
"Cloze","Trie search word: {{c1::def search(self, word): node = self.root; for c in word: if c not in node.children: return False; node = node.children[c]; return node.is_end}}","","tries::code"
"Cloze","Trie startsWith: {{c1::def startsWith(self, prefix): node = self.root; for c in prefix: if c not in node.children: return False; node = node.children[c]; return True}}","","tries::code"
"Cloze","Trie helper to get node: {{c1::def _find(self, prefix): node = self.root; for c in prefix: if c not in node.children: return None; node = node.children[c]; return node}}","","tries::code"
"Cloze","Search with wildcard '.': {{c1::def search(self, word, node, i): if i == len(word): return node.is_end; if word[i] == '.': return any(self.search(word, child, i+1) for child in node.children.values()); if word[i] not in node.children: return False; return self.search(word, node.children[word[i]], i+1)}}","","tries::code"
"Cloze","Word Search II - build trie: {{c1::for word in words: node = root; for c in word: if c not in node.children: node.children[c] = TrieNode(); node = node.children[c]; node.word = word}}","","tries::code"
"Cloze","Word Search II - DFS on board: {{c1::def dfs(i, j, node): if node.word: result.add(node.word); c = board[i][j]; board[i][j] = '#'; for di, dj in directions: if valid(ni, nj) and board[ni][nj] in node.children: dfs(ni, nj, node.children[board[ni][nj]]); board[i][j] = c}}","","tries::code"
"Cloze","Count words with prefix: {{c1::store count at each node, increment during insert}}","","tries::code"
"Cloze","Delete from trie: {{c1::recursively check if node can be removed (no children and not end of another word)}}","","tries::code"
"Cloze","Get all words with prefix: {{c1::find prefix node, then DFS collecting all words ending at is_end nodes}}","","tries::code"
"Basic","Implement Trie: Insert, search, startsWith. Approach?","TrieNode with children dict and is_end flag","tries::problem"
"Basic","Design Add and Search Words: Support '.' wildcard. Approach?","Trie with DFS for wildcard - try all children","tries::problem"
"Basic","Word Search II: Find all words from list in board. Approach?","Build trie from words, DFS board with trie guidance","tries::problem"
"Basic","Time complexity of Trie insert?","O(m) where m is word length","tries::complexity"
"Basic","Time complexity of Trie search?","O(m) where m is word length","tries::complexity"
"Basic","Time complexity of wildcard search with '.'?","O(m * 26) worst case per wildcard position","tries::complexity"
"Basic","Time complexity of Word Search II?","O(m * n * 4^L) where L is max word length","tries::complexity"
"Basic","Space complexity of Trie?","O(total characters across all words)","tries::complexity"
"Basic","When to use Trie vs HashMap for string storage?","Trie: prefix operations, autocomplete. HashMap: exact lookup only","tries::concept"
"Basic","Why store whole word at end node in Word Search II?","Avoid reconstructing word from path during DFS","tries::concept"
"Basic","What's the advantage of array over dict for trie children?","Faster access O(1) vs O(1) average, but uses more space for sparse data","tries::concept"
"Cloze","Trie node with word storage: {{c1::self.word = None}} set to actual word at end","","tries::code"
"Cloze","Trie with prefix count: {{c1::self.prefix_count = 0}} increment on insert path","","tries::code"
"Basic","How to implement autocomplete with Trie?","Find prefix node, DFS to collect all words below, sort by frequency","tries::concept"
"Cloze","Longest word that can be built: {{c1::DFS only through nodes where is_end is True}}","","tries::code"
"Basic","Longest Word in Dictionary: Longest word buildable one char at a time. Approach?","Trie with DFS only through is_end nodes","tries::problem"
"Cloze","Replace words with root: {{c1::for each word, traverse trie, return root if found before word ends}}","","tries::code"
"Basic","Replace Words: Replace words with their shortest root. Approach?","Build trie of roots, for each word find shortest matching prefix","tries::problem"
"Cloze","Sum of prefix scores: {{c1::track count at each node during insert, sum counts along path during query}}","","tries::code"
"Basic","Sum of Prefix Scores: Sum of prefix matches for each word. Approach?","Trie with count at each node","tries::problem"
"Cloze","{{c1::Backtracking}} explores all possibilities by building candidates incrementally","","backtracking::concept"
"Cloze","Backtracking {{c1::abandons}} a path when it can't lead to valid solution","","backtracking::concept"
"Cloze","Backtracking uses {{c1::recursion}} with state modification and restoration","","backtracking::concept"
"Cloze","Key steps: {{c1::choose}}, {{c2::explore}}, {{c3::unchoose}}","","backtracking::concept"
"Cloze","Backtracking time is often {{c1::exponential}} - O(2^n) or O(n!)","","backtracking::complexity"
"Cloze","{{c1::Pruning}} eliminates branches that can't lead to valid solutions","","backtracking::concept"
"Cloze","Subsets problem has {{c1::2^n}} possible subsets","","backtracking::complexity"
"Cloze","Permutations problem has {{c1::n!}} possible permutations","","backtracking::complexity"
"Cloze","Combinations C(n,k) has {{c1::n!/(k!(n-k)!)}} combinations","","backtracking::complexity"
"Cloze","Copy list in Python: {{c1::path.copy()}} or {{c2::path[:]}} or {{c3::list(path)}}","","backtracking::python"
"Cloze","Append to result: {{c1::result.append(path.copy())}} not result.append(path)","","backtracking::python"
"Cloze","String concatenation alternative: {{c1::''.join(chars)}}","","backtracking::python"
"Cloze","Check if digit: {{c1::c.isdigit()}}","","backtracking::python"
"Cloze","Phone digits mapping: {{c1::mapping = {'2': 'abc', '3': 'def', '4': 'ghi', ...}}}","","backtracking::python"
"Basic","Problem asks for 'all subsets'. What approach?","Backtracking with include/exclude for each element","backtracking::pattern"
"Basic","Problem asks for 'all permutations'. What approach?","Backtracking with used array or swap method","backtracking::pattern"
"Basic","Problem asks for 'all combinations'. What approach?","Backtracking with start index to avoid duplicates","backtracking::pattern"
"Basic","Problem has 'constraints to satisfy' (N-Queens, Sudoku). What approach?","Backtracking with constraint checking before placement","backtracking::pattern"
"Basic","Problem asks for 'all paths in graph/tree'. What approach?","Backtracking tracking visited nodes","backtracking::pattern"
"Basic","Problem asks to 'partition string'. What approach?","Backtracking trying all split positions","backtracking::pattern"
"Basic","Problem has 'duplicates in input' and wants 'unique results'. What approach?","Sort input, skip consecutive duplicates at same level","backtracking::pattern"
"Basic","Problem asks for 'word search in board'. What approach?","Backtracking with visited marking","backtracking::pattern"
"Cloze","Subsets template: {{c1::def backtrack(start, path): result.append(path.copy()); for i in range(start, len(nums)): path.append(nums[i]); backtrack(i + 1, path); path.pop()}}","","backtracking::code"
"Cloze","Subsets II (with dups) - skip: {{c1::if i > start and nums[i] == nums[i-1]: continue}}","","backtracking::code"
"Cloze","Permutations with used array: {{c1::for i in range(len(nums)): if used[i]: continue; used[i] = True; path.append(nums[i]); backtrack(path); path.pop(); used[i] = False}}","","backtracking::code"
"Cloze","Permutations with swap: {{c1::def backtrack(start): if start == len(nums): result.append(nums.copy()); for i in range(start, len(nums)): nums[start], nums[i] = nums[i], nums[start]; backtrack(start + 1); nums[start], nums[i] = nums[i], nums[start]}}","","backtracking::code"
"Cloze","Permutations II (with dups) - skip: {{c1::if i > 0 and nums[i] == nums[i-1] and not used[i-1]: continue}}","","backtracking::code"
"Cloze","Combinations template: {{c1::def backtrack(start, path): if len(path) == k: result.append(path.copy()); return; for i in range(start, n + 1): path.append(i); backtrack(i + 1, path); path.pop()}}","","backtracking::code"
"Cloze","Combination Sum (reuse allowed): {{c1::for i in range(start, len(candidates)): if candidates[i] > remain: break; path.append(candidates[i]); backtrack(i, path, remain - candidates[i]); path.pop()}}","","backtracking::code"
"Cloze","Combination Sum II (no reuse): {{c1::backtrack(i + 1, ...)}} instead of backtrack(i, ...)","","backtracking::code"
"Cloze","Letter combinations of phone: {{c1::def backtrack(i, path): if i == len(digits): result.append(path); return; for c in mapping[digits[i]]: backtrack(i + 1, path + c)}}","","backtracking::code"
"Cloze","Word search in board - mark visited: {{c1::temp = board[r][c]; board[r][c] = '#'}}","","backtracking::code"
"Cloze","Word search - restore: {{c1::board[r][c] = temp}}","","backtracking::code"
"Cloze","N-Queens - check column: {{c1::col in cols}}","","backtracking::code"
"Cloze","N-Queens - check diagonal: {{c1::(row - col) in diag1}} and {{c2::(row + col) in diag2}}","","backtracking::code"
"Cloze","N-Queens - place queen: {{c1::cols.add(col); diag1.add(row - col); diag2.add(row + col); board[row][col] = 'Q'}}","","backtracking::code"
"Cloze","Palindrome partition - check palindrome: {{c1::s[start:end+1] == s[start:end+1][::-1]}}","","backtracking::code"
"Cloze","Palindrome partition template: {{c1::def backtrack(start, path): if start == len(s): result.append(path.copy()); return; for end in range(start, len(s)): if isPalindrome(start, end): path.append(s[start:end+1]); backtrack(end + 1, path); path.pop()}}","","backtracking::code"
"Basic","Subsets: Generate all subsets. Approach?","Backtracking: for each element, include or exclude","backtracking::problem"
"Basic","Subsets II: Subsets with duplicates in input. Approach?","Sort, skip consecutive duplicates at same level","backtracking::problem"
"Basic","Permutations: Generate all permutations. Approach?","Backtracking with used array or swap method","backtracking::problem"
"Basic","Permutations II: Permutations with duplicates. Approach?","Sort, skip if same as prev and prev not used","backtracking::problem"
"Basic","Combinations: Generate all k-combinations of 1..n. Approach?","Backtracking with start index, stop when size is k","backtracking::problem"
"Basic","Combination Sum: Find combinations that sum to target (reuse ok). Approach?","Backtracking allowing same index again","backtracking::problem"
"Basic","Combination Sum II: No reuse, with duplicates. Approach?","Backtracking with i+1, skip consecutive duplicates","backtracking::problem"
"Basic","Letter Combinations of Phone Number: All letter combos. Approach?","Backtracking through digits, try each mapped letter","backtracking::problem"
"Basic","Word Search: Find word in board. Approach?","Backtracking with 4-directional search, mark visited","backtracking::problem"
"Basic","N-Queens: Place n queens safely. Approach?","Backtracking row by row, track cols and diagonals","backtracking::problem"
"Basic","Palindrome Partitioning: All palindrome partitions. Approach?","Backtracking trying all cut positions, check palindrome","backtracking::problem"
"Basic","Time complexity of Subsets?","O(n * 2^n) - 2^n subsets, O(n) to copy each","backtracking::complexity"
"Basic","Time complexity of Permutations?","O(n * n!) - n! permutations, O(n) to copy each","backtracking::complexity"
"Basic","Time complexity of N-Queens?","O(n!) with pruning","backtracking::complexity"
"Basic","Time complexity of Word Search?","O(m * n * 4^L) where L is word length","backtracking::complexity"
"Basic","Space complexity of backtracking?","O(n) for recursion depth + O(result size)","backtracking::complexity"
"Basic","Why copy path before adding to result?","Path is modified during backtracking; without copy, all results would be same reference","backtracking::concept"
"Basic","Why sort before handling duplicates?","Brings duplicates together so we can skip consecutive same values","backtracking::concept"
"Basic","What's the difference between subsets and combinations?","Subsets: all sizes. Combinations: specific size k","backtracking::concept"
"Basic","Why use 'not used[i-1]' for permutation duplicates?","Ensures we only use duplicate after previous duplicate was used (ordering)","backtracking::concept"
"Cloze","Generate parentheses condition: {{c1::if open < n: backtrack(open + 1, close); if close < open: backtrack(open, close + 1)}}","","backtracking::code"
"Basic","Generate Parentheses: All valid n-pair parentheses. Approach?","Backtracking: add '(' if open < n, ')' if close < open","backtracking::problem"
"Cloze","Restore IP addresses: {{c1::for length in range(1, 4): segment = s[start:start+length]; if isValid(segment): backtrack(start + length, path + [segment])}}","","backtracking::code"
"Basic","Restore IP Addresses: All valid IP addresses from digits. Approach?","Backtracking trying 1-3 digit segments, validate 0-255","backtracking::problem"
"Cloze","A {{c1::heap}} is a complete binary tree with heap property","","heap::concept"
"Cloze","{{c1::Min heap}}: parent <= children","","heap::concept"
"Cloze","{{c1::Max heap}}: parent >= children","","heap::concept"
"Cloze","Heap {{c1::insert}} is O(log n)","","heap::complexity"
"Cloze","Heap {{c1::extract min/max}} is O(log n)","","heap::complexity"
"Cloze","Heap {{c1::peek}} min/max is O(1)","","heap::complexity"
"Cloze","{{c1::Heapify}} array is O(n)","","heap::complexity"
"Cloze","Heap is stored as {{c1::array}} with parent at i, children at 2i+1, 2i+2","","heap::concept"
"Cloze","Python heapq is a {{c1::min}} heap","","heap::concept"
"Cloze","For max heap in Python, use {{c1::negative values}}","","heap::concept"
"Cloze","Import heapq: {{c1::import heapq}}","","heap::python"
"Cloze","Push to heap: {{c1::heapq.heappush(heap, item)}}","","heap::python"
"Cloze","Pop from heap: {{c1::heapq.heappop(heap)}}","","heap::python"
"Cloze","Peek min: {{c1::heap[0]}}","","heap::python"
"Cloze","Heapify list: {{c1::heapq.heapify(lst)}}","","heap::python"
"Cloze","Push and pop: {{c1::heapq.heappushpop(heap, item)}}","","heap::python"
"Cloze","Get n smallest: {{c1::heapq.nsmallest(n, iterable)}}","","heap::python"
"Cloze","Get n largest: {{c1::heapq.nlargest(n, iterable)}}","","heap::python"
"Cloze","Max heap push: {{c1::heapq.heappush(heap, -val)}}","","heap::python"
"Cloze","Max heap pop: {{c1::-heapq.heappop(heap)}}","","heap::python"
"Cloze","Heap with tuple (priority, value): {{c1::heapq.heappush(heap, (priority, value))}}","","heap::python"
"Cloze","Heap with tie-breaker: {{c1::heapq.heappush(heap, (priority, counter, value))}}","","heap::python"
"Basic","Problem asks for 'k largest/smallest elements'. What structure?","Heap","heap::pattern"
"Basic","Problem asks for 'merge k sorted lists'. What approach?","Min heap of size k","heap::pattern"
"Basic","Problem needs 'continuous median'. What approach?","Two heaps: max heap for lower, min heap for upper","heap::pattern"
"Basic","Problem involves 'scheduling by priority'. What structure?","Priority queue (heap)","heap::pattern"
"Basic","Problem asks for 'top k frequent'. What approach?","Heap with (frequency, element) pairs","heap::pattern"
"Basic","Problem needs 'closest k points'. What approach?","Max heap of size k with distances","heap::pattern"
"Basic","Problem involves 'dijkstra's algorithm'. What structure?","Min heap for next minimum distance","heap::pattern"
"Basic","Problem asks to 'reorganize string' by frequency. What approach?","Max heap to greedily pick most frequent","heap::pattern"
"Cloze","Kth largest with min heap of size k: {{c1::if len(heap) < k: heappush(heap, num); elif num > heap[0]: heapreplace(heap, num)}}","","heap::code"
"Cloze","Kth largest - answer is: {{c1::heap[0]}}","","heap::code"
"Cloze","Top K frequent - push: {{c1::for num, freq in counter.items(): heappush(heap, (freq, num)); if len(heap) > k: heappop(heap)}}","","heap::code"
"Cloze","Last stone weight: {{c1::while len(heap) > 1: y = -heappop(heap); x = -heappop(heap); if y != x: heappush(heap, -(y-x))}}","","heap::code"
"Cloze","K closest points - distance: {{c1::dist = x*x + y*y}} (no need for sqrt)","","heap::code"
"Cloze","K closest with max heap: {{c1::heappush(heap, (-dist, point)); if len(heap) > k: heappop(heap)}}","","heap::code"
"Cloze","Merge k lists - init: {{c1::heap = [(head.val, i, head) for i, head in enumerate(lists) if head]}}","","heap::code"
"Cloze","Merge k lists - process: {{c1::val, i, node = heappop(heap); curr.next = node; if node.next: heappush(heap, (node.next.val, i, node.next))}}","","heap::code"
"Cloze","Find median - two heaps: {{c1::small = []}} (max heap), {{c2::large = []}} (min heap)","","heap::code"
"Cloze","Find median - add number: {{c1::heappush(small, -num); heappush(large, -heappop(small)); if len(large) > len(small): heappush(small, -heappop(large))}}","","heap::code"
"Cloze","Find median - get median: {{c1::if len(small) > len(large): return -small[0]; return (-small[0] + large[0]) / 2}}","","heap::code"
"Cloze","Task scheduler - count remaining: {{c1::heappush(heap, -count) for count in counter.values()}}","","heap::code"
"Cloze","Task scheduler - cooldown queue: {{c1::queue.append((-count + 1, time + n))}}","","heap::code"
"Cloze","Reorganize string - pick most frequent: {{c1::count, char = heappop(heap); result.append(char); if prev_count < 0: heappush(heap, (prev_count, prev_char)); prev_count, prev_char = count + 1, char}}","","heap::code"
"Basic","Kth Largest Element: Find kth largest. Approach?","Min heap of size k, answer is heap[0]","heap::problem"
"Basic","Top K Frequent Elements: Find k most frequent. Approach?","Min heap of size k with (freq, elem) pairs","heap::problem"
"Basic","Last Stone Weight: Smash stones, return last. Approach?","Max heap, smash two heaviest until one or none left","heap::problem"
"Basic","K Closest Points: Find k closest to origin. Approach?","Max heap of size k with negative distances","heap::problem"
"Basic","Merge K Sorted Lists: Merge k lists. Approach?","Min heap of k heads, pop min and push its next","heap::problem"
"Basic","Find Median from Data Stream: Continuous median. Approach?","Two heaps: max heap for lower half, min heap for upper","heap::problem"
"Basic","Task Scheduler: Min intervals to complete tasks. Approach?","Max heap + queue for cooldown tracking","heap::problem"
"Basic","Reorganize String: No adjacent same chars. Approach?","Max heap, always pick most frequent not same as last","heap::problem"
"Basic","Time complexity of Kth Largest with heap?","O(n log k)","heap::complexity"
"Basic","Space complexity of Kth Largest with heap?","O(k)","heap::complexity"
"Basic","Time complexity of Merge K Sorted Lists?","O(n log k) where n is total nodes","heap::complexity"
"Basic","Time complexity of Find Median?","O(log n) per addNum, O(1) for findMedian","heap::complexity"
"Basic","Time complexity of Task Scheduler?","O(n log 26) = O(n) where n is total tasks","heap::complexity"
"Basic","Why use min heap of size k for kth largest?","Heap root is the kth largest; smaller elements are rejected","heap::concept"
"Basic","Why use max heap for lower half in median finding?","Quick access to max of lower half (closest to median)","heap::concept"
"Basic","Why include index in merge k lists heap?","Tie-breaker when values are equal (Python requires comparable elements)","heap::concept"
"Basic","Why not use sqrt for K closest points?","Comparing d² gives same order as d, avoiding sqrt is faster","heap::concept"
"Cloze","IPO problem - max heap for profits: {{c1::available projects by profit, pick max profit first}}","","heap::code"
"Basic","IPO: Maximize capital with k projects and capital constraint. Approach?","Min heap for capitals, max heap for available profits","heap::problem"
"Cloze","Smallest range covering k lists: {{c1::min heap of current elements, track max seen}}","","heap::code"
"Basic","Smallest Range Covering Elements from K Lists: Approach?","Min heap tracking one element from each list, slide window","heap::problem"
"Cloze","Ugly number - push multiples: {{c1::for factor in [2, 3, 5]: if num * factor not in seen: heappush(heap, num * factor)}}","","heap::code"
"Basic","Ugly Number II: Nth number with only 2,3,5 as factors. Approach?","Min heap, pop min and push its multiples","heap::problem"
"Cloze","A {{c1::graph}} consists of vertices (nodes) and edges","","graphs::concept"
"Cloze","{{c1::Directed}} graph has edges with direction","","graphs::concept"
"Cloze","{{c1::Undirected}} graph has bidirectional edges","","graphs::concept"
"Cloze","{{c1::Weighted}} graph has edges with costs/weights","","graphs::concept"
"Cloze","{{c1::Adjacency list}} stores neighbors for each vertex","","graphs::concept"
"Cloze","{{c1::Adjacency matrix}} uses 2D array for edge existence","","graphs::concept"
"Cloze","Adjacency list space is {{c1::O(V + E)}}","","graphs::complexity"
"Cloze","Adjacency matrix space is {{c1::O(V²)}}","","graphs::complexity"
"Cloze","{{c1::BFS}} explores level by level using queue","","graphs::concept"
"Cloze","{{c1::DFS}} explores depth first using recursion or stack","","graphs::concept"
"Cloze","BFS time complexity is {{c1::O(V + E)}}","","graphs::complexity"
"Cloze","DFS time complexity is {{c1::O(V + E)}}","","graphs::complexity"
"Cloze","A {{c1::cycle}} is a path that starts and ends at same vertex","","graphs::concept"
"Cloze","{{c1::Connected component}} is a maximal set of connected vertices","","graphs::concept"
"Cloze","A {{c1::DAG}} is a directed acyclic graph","","graphs::concept"
"Cloze","Build adjacency list: {{c1::graph = defaultdict(list); for u, v in edges: graph[u].append(v)}}","","graphs::python"
"Cloze","Undirected edge in adj list: {{c1::graph[u].append(v); graph[v].append(u)}}","","graphs::python"
"Cloze","BFS with deque: {{c1::queue = deque([start]); visited = {start}}}","","graphs::python"
"Cloze","BFS process: {{c1::while queue: node = queue.popleft(); for neighbor in graph[node]: if neighbor not in visited: visited.add(neighbor); queue.append(neighbor)}}","","graphs::python"
"Cloze","DFS with visited set: {{c1::def dfs(node): if node in visited: return; visited.add(node); for neighbor in graph[node]: dfs(neighbor)}}","","graphs::python"
"Cloze","Grid directions: {{c1::directions = [(0, 1), (0, -1), (1, 0), (-1, 0)]}}","","graphs::python"
"Cloze","Check grid bounds: {{c1::0 <= r < rows and 0 <= c < cols}}","","graphs::python"
"Basic","Problem asks for 'shortest path unweighted'. What approach?","BFS","graphs::pattern"
"Basic","Problem asks for 'connected components'. What approach?","DFS or BFS from unvisited nodes, count components","graphs::pattern"
"Basic","Problem asks to 'detect cycle in undirected graph'. What approach?","DFS with parent tracking, or Union-Find","graphs::pattern"
"Basic","Problem asks to 'detect cycle in directed graph'. What approach?","DFS with recursion stack (white/gray/black)","graphs::pattern"
"Basic","Problem involves 'grid traversal'. What approach?","BFS or DFS treating cells as nodes","graphs::pattern"
"Basic","Problem asks for 'topological sort'. What approach?","DFS postorder reverse, or Kahn's with indegree","graphs::pattern"
"Basic","Problem asks if graph is 'bipartite'. What approach?","BFS/DFS with 2-coloring","graphs::pattern"
"Basic","Problem asks for 'all paths from source to target'. What approach?","DFS/backtracking collecting paths","graphs::pattern"
"Basic","Problem involves 'clone graph'. What approach?","DFS/BFS with hashmap old→new","graphs::pattern"
"Cloze","Number of islands - BFS: {{c1::def bfs(r, c): queue = deque([(r, c)]); grid[r][c] = '0'; while queue: r, c = queue.popleft(); for dr, dc in directions: nr, nc = r + dr, c + dc; if valid and grid[nr][nc] == '1': grid[nr][nc] = '0'; queue.append((nr, nc))}}","","graphs::code"
"Cloze","Number of islands - count: {{c1::count = 0; for r in range(rows): for c in range(cols): if grid[r][c] == '1': bfs(r, c); count += 1}}","","graphs::code"
"Cloze","Clone graph - DFS: {{c1::def clone(node): if node in visited: return visited[node]; copy = Node(node.val); visited[node] = copy; for neighbor in node.neighbors: copy.neighbors.append(clone(neighbor)); return copy}}","","graphs::code"
"Cloze","Max area of island: {{c1::def dfs(r, c): if invalid or grid[r][c] != 1: return 0; grid[r][c] = 0; return 1 + sum(dfs(r+dr, c+dc) for dr, dc in directions)}}","","graphs::code"
"Cloze","Pacific Atlantic - start from edges: {{c1::for r in range(rows): dfs(r, 0, pacific); dfs(r, cols-1, atlantic)}}","","graphs::code"
"Cloze","Surrounded regions - mark border O's: {{c1::for edge cells: if board[r][c] == 'O': dfs(r, c) marking as 'T'}}","","graphs::code"
"Cloze","Rotting oranges - multi-source BFS: {{c1::queue = deque([(r, c, 0) for all rotten])}}","","graphs::code"
"Cloze","Rotting oranges - time: {{c1::max minutes when last fresh becomes rotten}}","","graphs::code"
"Cloze","Course schedule - cycle detection: {{c1::visiting = set(); visited = set(); def dfs(course): if course in visiting: return False; if course in visited: return True}}","","graphs::code"
"Cloze","Course schedule - mark states: {{c1::visiting.add(course); for prereq in graph[course]: if not dfs(prereq): return False; visiting.remove(course); visited.add(course); return True}}","","graphs::code"
"Cloze","Topological sort with DFS: {{c1::def dfs(node): visited.add(node); for neighbor in graph[node]: if neighbor not in visited: dfs(neighbor); result.append(node); return result[::-1]}}","","graphs::code"
"Cloze","Kahn's algorithm - indegree: {{c1::indegree = [0] * n; for u, v in edges: indegree[v] += 1; queue = deque([i for i in range(n) if indegree[i] == 0])}}","","graphs::code"
"Cloze","Kahn's - process: {{c1::while queue: node = queue.popleft(); result.append(node); for neighbor in graph[node]: indegree[neighbor] -= 1; if indegree[neighbor] == 0: queue.append(neighbor)}}","","graphs::code"
"Cloze","Bipartite check - color: {{c1::color[node] = 1 - color[parent]}} and check conflict","","graphs::code"
"Cloze","Word ladder - BFS: {{c1::for each position, try all 26 letters as transformation}}","","graphs::code"
"Basic","Number of Islands: Count islands in grid. Approach?","BFS/DFS from each '1', mark visited by setting to '0'","graphs::problem"
"Basic","Clone Graph: Deep copy graph. Approach?","DFS/BFS with hashmap mapping old→new nodes","graphs::problem"
"Basic","Max Area of Island: Largest island area. Approach?","DFS/BFS counting cells, track maximum","graphs::problem"
"Basic","Pacific Atlantic Water Flow: Cells reaching both oceans. Approach?","BFS/DFS from ocean edges, find intersection","graphs::problem"
"Basic","Surrounded Regions: Capture surrounded O's. Approach?","DFS from border O's, mark safe, flip remaining O's","graphs::problem"
"Basic","Rotting Oranges: Time for all oranges to rot. Approach?","Multi-source BFS from all rotten, track time","graphs::problem"
"Basic","Course Schedule: Can finish all courses. Approach?","Cycle detection in directed graph using DFS","graphs::problem"
"Basic","Course Schedule II: Order to take courses. Approach?","Topological sort with DFS or Kahn's algorithm","graphs::problem"
"Basic","Graph Valid Tree: Check if edges form valid tree. Approach?","n-1 edges, all connected, no cycles","graphs::problem"
"Basic","Word Ladder: Shortest transformation sequence. Approach?","BFS, each word is node, edges are one-letter changes","graphs::problem"
"Basic","Time complexity of Number of Islands?","O(m * n)","graphs::complexity"
"Basic","Time complexity of Course Schedule?","O(V + E)","graphs::complexity"
"Basic","Time complexity of Word Ladder?","O(n * m * 26) where n is words, m is word length","graphs::complexity"
"Basic","Space complexity of BFS on grid?","O(min(m, n)) for queue in worst case","graphs::complexity"
"Basic","Space complexity of DFS on grid?","O(m * n) for recursion stack in worst case","graphs::complexity"
"Basic","When to use BFS vs DFS for graphs?","BFS: shortest path, level order. DFS: cycle detection, topological sort","graphs::concept"
"Basic","What defines a valid tree?","Connected, n-1 edges, no cycles","graphs::concept"
"Basic","What's the difference between visited and visiting in cycle detection?","Visiting: currently in recursion stack. Visited: fully processed","graphs::concept"
"Basic","Why does Kahn's algorithm work for topological sort?","Processes nodes with no incoming edges first, simulates dependencies","graphs::concept"
"Cloze","Redundant connection - find cycle edge: {{c1::Union-Find, return edge that creates cycle}}","","graphs::code"
"Basic","Redundant Connection: Find edge causing cycle. Approach?","Union-Find, return edge where union fails","graphs::problem"
"Cloze","Accounts merge - union by email: {{c1::email_to_id mapping, union accounts sharing email}}","","graphs::code"
"Basic","Accounts Merge: Merge accounts by common emails. Approach?","Union-Find on email addresses","graphs::problem"
"Cloze","{{c1::Dynamic programming}} solves problems by combining solutions to subproblems","","dp_1d::concept"
"Cloze","DP requires {{c1::optimal substructure}} and {{c2::overlapping subproblems}}","","dp_1d::concept"
"Cloze","{{c1::Optimal substructure}}: optimal solution contains optimal solutions to subproblems","","dp_1d::concept"
"Cloze","{{c1::Overlapping subproblems}}: same subproblems solved multiple times","","dp_1d::concept"
"Cloze","{{c1::Top-down}} DP uses recursion with memoization","","dp_1d::concept"
"Cloze","{{c1::Bottom-up}} DP uses iteration filling table","","dp_1d::concept"
"Cloze","{{c1::State}} in DP represents the subproblem being solved","","dp_1d::concept"
"Cloze","{{c1::Transition}} is the recurrence relation between states","","dp_1d::concept"
"Cloze","{{c1::Base case}} is the simplest subproblem with known answer","","dp_1d::concept"
"Cloze","DP with 1D state has {{c1::O(n)}} space typically","","dp_1d::complexity"
"Cloze","Import lru_cache: {{c1::from functools import lru_cache}}","","dp_1d::python"
"Cloze","Use memoization decorator: {{c1::@lru_cache(maxsize=None)}}","","dp_1d::python"
"Cloze","Clear lru_cache: {{c1::func.cache_clear()}}","","dp_1d::python"
"Cloze","Manual memoization: {{c1::memo = {}; if n in memo: return memo[n]; ... memo[n] = result; return result}}","","dp_1d::python"
"Cloze","Initialize DP array: {{c1::dp = [0] * (n + 1)}}","","dp_1d::python"
"Cloze","Initialize with infinity: {{c1::dp = [float('inf')] * (n + 1)}}","","dp_1d::python"
"Basic","Problem asks for 'number of ways'. What approach?","DP with counting transitions","dp_1d::pattern"
"Basic","Problem asks for 'minimum/maximum'. What approach?","DP with min/max transitions","dp_1d::pattern"
"Basic","Problem structure is 'make decisions at each step'. What approach?","DP with state for each position","dp_1d::pattern"
"Basic","Problem says 'reach end with constraints'. What approach?","DP tracking state at each position","dp_1d::pattern"
"Basic","Problem has 'Fibonacci-like' structure. What approach?","DP with dp[i] = dp[i-1] + dp[i-2]","dp_1d::pattern"
"Basic","Problem asks 'can it be done'. What approach?","DP with boolean states","dp_1d::pattern"
"Basic","How to identify DP state?","What information is needed to make the next decision?","dp_1d::pattern"
"Basic","How to identify DP transition?","How does current state relate to previous states?","dp_1d::pattern"
"Cloze","Climbing stairs: {{c1::dp[i] = dp[i-1] + dp[i-2]}}","","dp_1d::code"
"Cloze","Climbing stairs base: {{c1::dp[0] = 1; dp[1] = 1}}","","dp_1d::code"
"Cloze","Climbing stairs space optimized: {{c1::prev, curr = 1, 1; for i in range(2, n+1): prev, curr = curr, prev + curr}}","","dp_1d::code"
"Cloze","House robber: {{c1::dp[i] = max(dp[i-1], dp[i-2] + nums[i])}}","","dp_1d::code"
"Cloze","House robber meaning: {{c1::max of skip current (dp[i-1]) or rob current (dp[i-2] + nums[i])}}","","dp_1d::code"
"Cloze","House robber II (circular): {{c1::max(rob(nums[:-1]), rob(nums[1:]))}}","","dp_1d::code"
"Cloze","Coin change: {{c1::dp[amount] = min(dp[amount], dp[amount - coin] + 1)}}","","dp_1d::code"
"Cloze","Coin change base: {{c1::dp[0] = 0; dp[1..amount] = infinity}}","","dp_1d::code"
"Cloze","Coin change - no solution: {{c1::return dp[amount] if dp[amount] != float('inf') else -1}}","","dp_1d::code"
"Cloze","Longest increasing subsequence: {{c1::dp[i] = max(dp[j] + 1 for j < i if nums[j] < nums[i])}}","","dp_1d::code"
"Cloze","LIS with binary search: {{c1::for num in nums: pos = bisect_left(tails, num); if pos == len(tails): tails.append(num); else: tails[pos] = num}}","","dp_1d::code"
"Cloze","Word break: {{c1::dp[i] = any(dp[j] and s[j:i] in wordSet for j in range(i))}}","","dp_1d::code"
"Cloze","Maximum subarray (Kadane): {{c1::curr_sum = max(num, curr_sum + num); max_sum = max(max_sum, curr_sum)}}","","dp_1d::code"
"Cloze","Maximum product subarray: {{c1::max_prod = min_prod = result = nums[0]; for num in nums[1:]: if num < 0: max_prod, min_prod = min_prod, max_prod; max_prod = max(num, max_prod * num); min_prod = min(num, min_prod * num)}}","","dp_1d::code"
"Cloze","Decode ways: {{c1::if s[i] != '0': dp[i] += dp[i-1]; if 10 <= int(s[i-1:i+1]) <= 26: dp[i] += dp[i-2]}}","","dp_1d::code"
"Cloze","Partition equal subset sum: {{c1::dp[j] = dp[j] or dp[j - num]}} (process in reverse)","","dp_1d::code"
"Cloze","Perfect squares: {{c1::dp[n] = min(dp[n - i*i] + 1 for i where i*i <= n)}}","","dp_1d::code"
"Basic","Climbing Stairs: Ways to climb n stairs (1 or 2 steps). Approach?","DP: dp[i] = dp[i-1] + dp[i-2] (Fibonacci)","dp_1d::problem"
"Basic","House Robber: Max money without adjacent houses. Approach?","DP: dp[i] = max(skip, rob current + dp[i-2])","dp_1d::problem"
"Basic","House Robber II: Circular houses. Approach?","Max of robbing houses 0..n-2 or 1..n-1","dp_1d::problem"
"Basic","Coin Change: Min coins for amount. Approach?","DP: dp[amount] = min over all coins of dp[amount-coin] + 1","dp_1d::problem"
"Basic","Longest Increasing Subsequence: Length of LIS. Approach?","DP O(n²) or binary search O(n log n)","dp_1d::problem"
"Basic","Word Break: Can segment string into words. Approach?","DP: dp[i] = true if any valid split exists","dp_1d::problem"
"Basic","Maximum Subarray: Max sum contiguous subarray. Approach?","Kadane's: track current sum, reset if negative","dp_1d::problem"
"Basic","Maximum Product Subarray: Max product subarray. Approach?","Track both max and min (negative * negative)","dp_1d::problem"
"Basic","Decode Ways: Ways to decode digit string. Approach?","DP: check single digit (1-9) and double digit (10-26)","dp_1d::problem"
"Basic","Partition Equal Subset Sum: Can partition into two equal subsets. Approach?","0/1 knapsack with target = sum/2","dp_1d::problem"
"Basic","Time complexity of Climbing Stairs?","O(n)","dp_1d::complexity"
"Basic","Time complexity of House Robber?","O(n)","dp_1d::complexity"
"Basic","Time complexity of Coin Change?","O(amount * coins)","dp_1d::complexity"
"Basic","Time complexity of LIS with DP?","O(n²)","dp_1d::complexity"
"Basic","Time complexity of LIS with binary search?","O(n log n)","dp_1d::complexity"
"Basic","Time complexity of Word Break?","O(n² * m) where m is avg word length","dp_1d::complexity"
"Basic","Space complexity of 1D DP?","O(n), can often optimize to O(1)","dp_1d::complexity"
"Basic","When can DP space be optimized to O(1)?","When current state only depends on constant previous states","dp_1d::concept"
"Basic","Why track both max and min in product subarray?","Negative * negative = positive; min can become max","dp_1d::concept"
"Basic","Why process backwards in subset sum DP?","To avoid using same element multiple times (0/1 knapsack)","dp_1d::concept"
"Basic","What's the relationship between top-down and bottom-up DP?","Same recurrence; top-down is recursive, bottom-up is iterative","dp_1d::concept"
"Cloze","Min cost climbing stairs: {{c1::dp[i] = min(dp[i-1], dp[i-2]) + cost[i]}}","","dp_1d::code"
"Basic","Min Cost Climbing Stairs: Min cost to climb. Approach?","DP: dp[i] = min(dp[i-1], dp[i-2]) + cost[i]","dp_1d::problem"
"Cloze","Combination sum IV: {{c1::dp[target] = sum(dp[target - num] for num in nums if num <= target)}}","","dp_1d::code"
"Basic","Combination Sum IV: Count combinations summing to target. Approach?","DP: dp[i] = sum of dp[i-num] for each num","dp_1d::problem"
"Cloze","Palindrome substrings count: {{c1::expand around center for each position}}","","dp_1d::code"
"Basic","Palindromic Substrings: Count palindrome substrings. Approach?","Expand around center (odd and even length)","dp_1d::problem"
"Cloze","An {{c1::interval}} is a range [start, end]","","intervals::concept"
"Cloze","Two intervals {{c1::overlap}} if one starts before the other ends","","intervals::concept"
"Cloze","Intervals overlap when {{c1::a.start <= b.end and b.start <= a.end}}","","intervals::concept"
"Cloze","{{c1::Merge}} overlapping intervals by taking min start, max end","","intervals::concept"
"Cloze","Interval problems often require {{c1::sorting}} first","","intervals::concept"
"Cloze","Sort by {{c1::start time}} for merge problems","","intervals::concept"
"Cloze","Sort by {{c1::end time}} for greedy selection problems","","intervals::concept"
"Cloze","{{c1::Meeting rooms}} problems check for conflicts or count rooms needed","","intervals::concept"
"Cloze","Sort intervals by start: {{c1::intervals.sort(key=lambda x: x[0])}}","","intervals::python"
"Cloze","Sort intervals by end: {{c1::intervals.sort(key=lambda x: x[1])}}","","intervals::python"
"Cloze","Sort by multiple keys: {{c1::intervals.sort(key=lambda x: (x[0], x[1]))}}","","intervals::python"
"Cloze","Check overlap: {{c1::not (a[1] < b[0] or b[1] < a[0])}}","","intervals::python"
"Cloze","Merge two intervals: {{c1::[min(a[0], b[0]), max(a[1], b[1])]}}","","intervals::python"
"Basic","Problem asks to 'merge overlapping intervals'. What approach?","Sort by start, merge if overlapping","intervals::pattern"
"Basic","Problem asks to 'insert interval'. What approach?","Add intervals before, merge overlapping, add after","intervals::pattern"
"Basic","Problem asks 'can attend all meetings'. What approach?","Sort by start, check for overlaps","intervals::pattern"
"Basic","Problem asks 'minimum meeting rooms'. What approach?","Min heap tracking end times, or sort start/end separately","intervals::pattern"
"Basic","Problem involves 'non-overlapping intervals to remove'. What approach?","Sort by end time, greedy keep non-overlapping","intervals::pattern"
"Basic","Problem asks for 'interval intersection'. What approach?","Two pointers, advance the one ending earlier","intervals::pattern"
"Cloze","Merge intervals: {{c1::if merged[-1][1] >= interval[0]: merged[-1][1] = max(merged[-1][1], interval[1]); else: merged.append(interval)}}","","intervals::code"
"Cloze","Insert interval - add before: {{c1::while i < n and intervals[i][1] < newInterval[0]: result.append(intervals[i]); i += 1}}","","intervals::code"
"Cloze","Insert interval - merge: {{c1::while i < n and intervals[i][0] <= newInterval[1]: newInterval = [min(newInterval[0], intervals[i][0]), max(newInterval[1], intervals[i][1])]; i += 1}}","","intervals::code"
"Cloze","Meeting rooms check: {{c1::for i in range(1, n): if intervals[i][0] < intervals[i-1][1]: return False}}","","intervals::code"
"Cloze","Meeting rooms II with heap: {{c1::for interval in intervals: if heap and heap[0] <= interval[0]: heappop(heap); heappush(heap, interval[1])}}","","intervals::code"
"Cloze","Meeting rooms II answer: {{c1::len(heap)}} is max concurrent meetings","","intervals::code"
"Cloze","Non-overlapping - sort by end: {{c1::intervals.sort(key=lambda x: x[1])}}","","intervals::code"
"Cloze","Non-overlapping - greedy count: {{c1::end = float('-inf'); count = 0; for interval in intervals: if interval[0] >= end: count += 1; end = interval[1]}}","","intervals::code"
"Cloze","Interval intersection: {{c1::lo = max(a[i][0], b[j][0]); hi = min(a[i][1], b[j][1]); if lo <= hi: result.append([lo, hi])}}","","intervals::code"
"Cloze","Interval intersection - advance: {{c1::if a[i][1] < b[j][1]: i += 1; else: j += 1}}","","intervals::code"
"Cloze","Minimum arrows to burst balloons: {{c1::same as non-overlapping intervals, count groups}}","","intervals::code"
"Basic","Merge Intervals: Merge overlapping intervals. Approach?","Sort by start, merge if current overlaps with last","intervals::problem"
"Basic","Insert Interval: Insert into sorted non-overlapping. Approach?","Add non-overlapping before, merge overlapping, add rest","intervals::problem"
"Basic","Meeting Rooms: Can attend all meetings. Approach?","Sort by start, check if any overlap","intervals::problem"
"Basic","Meeting Rooms II: Min rooms needed. Approach?","Min heap of end times, or count starts/ends","intervals::problem"
"Basic","Non-overlapping Intervals: Min removals for no overlap. Approach?","Sort by end, greedy keep non-overlapping","intervals::problem"
"Basic","Interval List Intersections: Find all intersections. Approach?","Two pointers, advance the one ending earlier","intervals::problem"
"Basic","Minimum Number of Arrows: Arrows to burst all balloons. Approach?","Sort by end, count groups needing separate arrows","intervals::problem"
"Basic","Time complexity of Merge Intervals?","O(n log n) for sorting","intervals::complexity"
"Basic","Time complexity of Insert Interval?","O(n)","intervals::complexity"
"Basic","Time complexity of Meeting Rooms II?","O(n log n)","intervals::complexity"
"Basic","Space complexity of Merge Intervals?","O(n) for output","intervals::complexity"
"Basic","Space complexity of Meeting Rooms II with heap?","O(n)","intervals::complexity"
"Basic","Why sort by end time for non-overlapping selection?","Greedy: picking earliest end leaves most room for others","intervals::concept"
"Basic","Why use heap for Meeting Rooms II?","Track only active meetings, efficiently find earliest ending","intervals::concept"
"Basic","What's the difference between merge and insert interval problems?","Merge: unsorted input. Insert: sorted, add new interval","intervals::concept"
"Cloze","Employee free time - merge all busy: {{c1::flatten, sort, merge, find gaps}}","","intervals::code"
"Basic","Employee Free Time: Common free time across schedules. Approach?","Flatten all busy intervals, merge, find gaps","intervals::problem"
"Cloze","Remove covered intervals: {{c1::sort by start asc, end desc; count if current end > prev_end}}","","intervals::code"
"Basic","Remove Covered Intervals: Count non-covered intervals. Approach?","Sort by start asc/end desc, track max end seen","intervals::problem"
"Cloze","Car pooling - count at each point: {{c1::changes = defaultdict(int); for passengers, start, end: changes[start] += passengers; changes[end] -= passengers}}","","intervals::code"
"Basic","Car Pooling: Can complete trips with capacity. Approach?","Line sweep: track passengers at each point","intervals::problem"
"Cloze","{{c1::Greedy}} makes locally optimal choice at each step","","greedy::concept"
"Cloze","Greedy works when local optimum leads to {{c1::global optimum}}","","greedy::concept"
"Cloze","Greedy requires {{c1::greedy choice property}} and {{c2::optimal substructure}}","","greedy::concept"
"Cloze","{{c1::Greedy choice property}}: local optimal leads to global optimal","","greedy::concept"
"Cloze","Greedy often involves {{c1::sorting}} to process in optimal order","","greedy::concept"
"Cloze","Greedy is typically {{c1::O(n log n)}} due to sorting","","greedy::complexity"
"Cloze","Greedy vs DP: greedy makes {{c1::one}} choice, DP considers {{c2::all}} choices","","greedy::concept"
"Cloze","Sort by key: {{c1::arr.sort(key=lambda x: x[0])}}","","greedy::python"
"Cloze","Sort descending: {{c1::arr.sort(reverse=True)}}","","greedy::python"
"Cloze","Enumerate with index: {{c1::for i, val in enumerate(arr)}}","","greedy::python"
"Cloze","Zip two lists: {{c1::for a, b in zip(list1, list2)}}","","greedy::python"
"Cloze","Sum of list: {{c1::sum(arr)}}","","greedy::python"
"Cloze","Max of list: {{c1::max(arr)}}","","greedy::python"
"Basic","Problem says 'maximum number of X possible'. What approach?","Greedy: sort by some criteria, greedily select","greedy::pattern"
"Basic","Problem asks 'minimum to achieve X'. What approach?","Greedy: sort, take optimal at each step","greedy::pattern"
"Basic","Problem involves 'activity selection'. What approach?","Sort by end time, greedily select non-overlapping","greedy::pattern"
"Basic","Problem asks to 'partition into groups'. What approach?","Greedy: sort, assign to group or create new","greedy::pattern"
"Basic","Problem involves 'two pointers on sorted data'. What approach?","Often greedy - pair extremes or process in order","greedy::pattern"
"Basic","How to verify greedy works?","Prove local optimal leads to global optimal (exchange argument)","greedy::pattern"
"Cloze","Jump Game: {{c1::max_reach = max(max_reach, i + nums[i]); if max_reach >= n - 1: return True}}","","greedy::code"
"Cloze","Jump Game - can't proceed: {{c1::if i > max_reach: return False}}","","greedy::code"
"Cloze","Jump Game II: {{c1::if i == current_end: jumps += 1; current_end = farthest}}","","greedy::code"
"Cloze","Jump Game II - track farthest: {{c1::farthest = max(farthest, i + nums[i])}}","","greedy::code"
"Cloze","Gas Station: {{c1::if total_gas >= total_cost: there's a solution; start where surplus > 0}}","","greedy::code"
"Cloze","Gas Station - reset start: {{c1::if tank < 0: start = i + 1; tank = 0}}","","greedy::code"
"Cloze","Hand of Straights - use Counter: {{c1::count = Counter(hand); for num in sorted(count): while count[num] > 0: for i in range(groupSize): if count[num + i] <= 0: return False; count[num + i] -= 1}}","","greedy::code"
"Cloze","Merge triplets - check each: {{c1::for a, b, c in triplets: if a <= target[0] and b <= target[1] and c <= target[2]: can reach max for each position}}","","greedy::code"
"Cloze","Partition labels - last occurrence: {{c1::last = {c: i for i, c in enumerate(s)}}}","","greedy::code"
"Cloze","Partition labels - extend end: {{c1::end = max(end, last[c]); if i == end: result.append(i - start + 1); start = i + 1}}","","greedy::code"
"Cloze","Valid parenthesis string - range: {{c1::low = high = 0; low -= 1 for ')' or '*'; high += 1 for '(' or '*'}}","","greedy::code"
"Cloze","Valid parenthesis string - bounds: {{c1::low = max(0, low); if high < 0: return False}}","","greedy::code"
"Cloze","Candy - left to right: {{c1::if ratings[i] > ratings[i-1]: candies[i] = candies[i-1] + 1}}","","greedy::code"
"Cloze","Candy - right to left: {{c1::if ratings[i] > ratings[i+1]: candies[i] = max(candies[i], candies[i+1] + 1)}}","","greedy::code"
"Cloze","Task scheduler idle slots: {{c1::(max_freq - 1) * (n + 1) + count_max_freq}}","","greedy::code"
"Cloze","Boats to save people: {{c1::if people[left] + people[right] <= limit: left += 1; right -= 1; boats += 1}}","","greedy::code"
"Basic","Jump Game: Can reach last index. Approach?","Greedy: track maximum reachable index","greedy::problem"
"Basic","Jump Game II: Minimum jumps to reach end. Approach?","Greedy: BFS-like, track current range end and farthest","greedy::problem"
"Basic","Gas Station: Starting index to complete circuit. Approach?","If total gas >= total cost, solution exists; start where surplus builds","greedy::problem"
"Basic","Hand of Straights: Can divide into groups of consecutive. Approach?","Counter, greedily form groups starting from smallest","greedy::problem"
"Basic","Merge Triplets: Can form target triplet. Approach?","Only use triplets where each element <= target's","greedy::problem"
"Basic","Partition Labels: Partition so each letter in at most one part. Approach?","Track last occurrence, extend partition end greedily","greedy::problem"
"Basic","Valid Parenthesis String: Check with wildcard *. Approach?","Track range [low, high] of possible open parens","greedy::problem"
"Basic","Candy: Min candies satisfying rating constraints. Approach?","Two passes: left-to-right, then right-to-left","greedy::problem"
"Basic","Boats to Save People: Min boats with weight limit. Approach?","Sort, pair heaviest with lightest if possible","greedy::problem"
"Basic","Time complexity of Jump Game?","O(n)","greedy::complexity"
"Basic","Time complexity of Jump Game II?","O(n)","greedy::complexity"
"Basic","Time complexity of Gas Station?","O(n)","greedy::complexity"
"Basic","Time complexity of Hand of Straights?","O(n log n)","greedy::complexity"
"Basic","Time complexity of Partition Labels?","O(n)","greedy::complexity"
"Basic","Time complexity of Candy?","O(n)","greedy::complexity"
"Basic","Why is Gas Station answer unique if it exists?","Total surplus determines if possible; only one valid starting point","greedy::concept"
"Basic","Why two passes for Candy problem?","First ensures right neighbor constraint, second ensures left neighbor","greedy::concept"
"Basic","Why does Jump Game II greedy work?","Always jumping to farthest reachable minimizes total jumps","greedy::concept"
"Basic","What's the insight for Valid Parenthesis String?","Track possible range of open parens, * can be any of '(', ')', ''","greedy::concept"
"Cloze","Queue reconstruction - sort: {{c1::people.sort(key=lambda x: (-x[0], x[1]))}}","","greedy::code"
"Cloze","Queue reconstruction - insert: {{c1::result.insert(p[1], p)}}","","greedy::code"
"Basic","Queue Reconstruction by Height: Reconstruct from (height, count taller in front). Approach?","Sort by height desc, insert at index = count","greedy::problem"
"Cloze","Lemonade change - priority: {{c1::if bill == 20: prefer giving 10+5 over 5+5+5}}","","greedy::code"
"Basic","Lemonade Change: Can provide change for each customer. Approach?","Track 5s and 10s, greedily use larger bills first","greedy::problem"
"Cloze","{{c1::Dijkstra's}} finds shortest path in weighted graph with non-negative edges","","adv_graphs::concept"
"Cloze","Dijkstra's uses {{c1::min heap}} to always process closest unvisited node","","adv_graphs::concept"
"Cloze","Dijkstra's time is {{c1::O((V + E) log V)}} with heap","","adv_graphs::complexity"
"Cloze","{{c1::Bellman-Ford}} handles negative edge weights","","adv_graphs::concept"
"Cloze","Bellman-Ford time is {{c1::O(V * E)}}","","adv_graphs::complexity"
"Cloze","Bellman-Ford detects {{c1::negative cycles}} if V-th iteration improves distance","","adv_graphs::concept"
"Cloze","{{c1::Topological sort}} orders vertices so all edges point forward","","adv_graphs::concept"
"Cloze","Topological sort only works on {{c1::DAG}} (directed acyclic graph)","","adv_graphs::concept"
"Cloze","{{c1::Union-Find}} tracks connected components with near O(1) operations","","adv_graphs::concept"
"Cloze","Union-Find {{c1::path compression}}: point all to root during find","","adv_graphs::concept"
"Cloze","Union-Find {{c1::union by rank}}: attach smaller tree to larger","","adv_graphs::concept"
"Cloze","Union-Find amortized time is {{c1::O(α(n))}} ≈ O(1)","","adv_graphs::complexity"
"Cloze","{{c1::Kruskal's}} builds MST by adding edges in weight order","","adv_graphs::concept"
"Cloze","{{c1::Prim's}} builds MST by growing from single vertex","","adv_graphs::concept"
"Cloze","MST algorithms have time {{c1::O(E log E)}} or {{c2::O(E log V)}}","","adv_graphs::complexity"
"Cloze","Dijkstra's init: {{c1::dist = {node: float('inf') for node in graph}; dist[start] = 0; heap = [(0, start)]}}","","adv_graphs::python"
"Cloze","Dijkstra's process: {{c1::while heap: d, u = heappop(heap); if d > dist[u]: continue; for v, w in graph[u]: if dist[u] + w < dist[v]: dist[v] = dist[u] + w; heappush(heap, (dist[v], v))}}","","adv_graphs::python"
"Cloze","Union-Find init: {{c1::parent = list(range(n)); rank = [0] * n}}","","adv_graphs::python"
"Cloze","Union-Find find: {{c1::def find(x): if parent[x] != x: parent[x] = find(parent[x]); return parent[x]}}","","adv_graphs::python"
"Cloze","Union-Find union: {{c1::def union(x, y): px, py = find(x), find(y); if px == py: return False; if rank[px] < rank[py]: px, py = py, px; parent[py] = px; if rank[px] == rank[py]: rank[px] += 1; return True}}","","adv_graphs::python"
"Cloze","Kruskal's MST: {{c1::edges.sort(key=lambda x: x[2]); for u, v, w in edges: if union(u, v): mst.append((u, v, w))}}","","adv_graphs::python"
"Basic","Problem asks for 'shortest path with weights'. What approach?","Dijkstra's if non-negative, Bellman-Ford otherwise","adv_graphs::pattern"
"Basic","Problem involves 'negative edges'. What approach?","Bellman-Ford","adv_graphs::pattern"
"Basic","Problem asks for 'minimum spanning tree'. What approach?","Kruskal's (edge-based) or Prim's (vertex-based)","adv_graphs::pattern"
"Basic","Problem needs 'dynamic connectivity'. What structure?","Union-Find","adv_graphs::pattern"
"Basic","Problem asks to 'detect cycle in undirected graph'. What approach?","Union-Find: cycle if union returns same parent","adv_graphs::pattern"
"Basic","Problem asks for 'ordering with dependencies'. What approach?","Topological sort (Kahn's or DFS)","adv_graphs::pattern"
"Basic","Problem involves 'cheapest flights with k stops'. What approach?","Bellman-Ford limited to k+1 iterations","adv_graphs::pattern"
"Cloze","Network delay time: {{c1::Dijkstra's from source, return max distance or -1 if unreachable}}","","adv_graphs::code"
"Cloze","Cheapest flights within K stops: {{c1::prices = [inf] * n; prices[src] = 0; for _ in range(k + 1): temp = prices.copy(); for u, v, w in flights: temp[v] = min(temp[v], prices[u] + w); prices = temp}}","","adv_graphs::code"
"Cloze","Min cost to connect points - Prim's: {{c1::heap = [(0, 0)]; visited = set(); while len(visited) < n: cost, u = heappop(heap); if u in visited: continue; visited.add(u); total += cost; for v with dist d: if v not in visited: heappush(heap, (d, v))}}","","adv_graphs::code"
"Cloze","Swim in rising water: {{c1::binary search on time t, BFS/DFS to check path}}","","adv_graphs::code"
"Cloze","Swim in rising water alt: {{c1::Dijkstra's where edge weight is max(grid[u], grid[v])}}","","adv_graphs::code"
"Cloze","Alien dictionary - build graph: {{c1::for adjacent words, find first different char, add edge}}","","adv_graphs::code"
"Cloze","Alien dictionary - topological sort: {{c1::Kahn's algorithm with indegree tracking}}","","adv_graphs::code"
"Cloze","Redundant connection: {{c1::for u, v in edges: if not union(u, v): return [u, v]}}","","adv_graphs::code"
"Cloze","Number of connected components: {{c1::count = n; for edge: if union(u, v): count -= 1; return count}}","","adv_graphs::code"
"Cloze","Accounts merge - map email to id: {{c1::union all emails in same account, group by root}}","","adv_graphs::code"
"Basic","Network Delay Time: Time for all nodes to receive signal. Approach?","Dijkstra's from source, return max distance","adv_graphs::problem"
"Basic","Cheapest Flights Within K Stops: Min cost with stop limit. Approach?","Bellman-Ford with k+1 iterations","adv_graphs::problem"
"Basic","Min Cost to Connect All Points: MST of points. Approach?","Prim's or Kruskal's with Manhattan distances","adv_graphs::problem"
"Basic","Swim in Rising Water: Min time to reach corner. Approach?","Binary search + BFS, or Dijkstra's on max value path","adv_graphs::problem"
"Basic","Alien Dictionary: Order of letters from sorted alien words. Approach?","Build graph from adjacent word comparisons, topological sort","adv_graphs::problem"
"Basic","Redundant Connection: Find edge causing cycle. Approach?","Union-Find, return first edge that fails union","adv_graphs::problem"
"Basic","Number of Connected Components: Count components. Approach?","Union-Find, count = n - successful unions","adv_graphs::problem"
"Basic","Time complexity of Dijkstra's with heap?","O((V + E) log V)","adv_graphs::complexity"
"Basic","Time complexity of Bellman-Ford?","O(V * E)","adv_graphs::complexity"
"Basic","Time complexity of Kruskal's MST?","O(E log E)","adv_graphs::complexity"
"Basic","Time complexity of Union-Find operations?","O(α(n)) ≈ O(1) amortized","adv_graphs::complexity"
"Basic","Space complexity of Dijkstra's?","O(V) for distances + O(E) for heap","adv_graphs::complexity"
"Basic","Why can't Dijkstra's handle negative edges?","Once a node is visited with min distance, it's final; negative edges could improve it","adv_graphs::concept"
"Basic","Why does Bellman-Ford need V-1 iterations?","Longest simple path has V-1 edges; each iteration relaxes one edge on path","adv_graphs::concept"
"Basic","What's the difference between Kruskal's and Prim's?","Kruskal's: edge-centric, uses Union-Find. Prim's: vertex-centric, grows tree","adv_graphs::concept"
"Basic","Why use path compression in Union-Find?","Flattens tree structure, makes future finds O(1)","adv_graphs::concept"
"Basic","Why use union by rank?","Keeps tree balanced, prevents O(n) chain","adv_graphs::concept"
"Cloze","Course schedule - Kahn's: {{c1::start with indegree 0 nodes, decrement neighbors' indegree}}","","adv_graphs::code"
"Cloze","Course schedule - cycle check: {{c1::return len(result) == numCourses}}","","adv_graphs::code"
"Basic","Course Schedule II: Order to take courses. Approach?","Topological sort with Kahn's algorithm","adv_graphs::problem"
"Cloze","Path with minimum effort: {{c1::Dijkstra's where effort = max(current_effort, abs(height_diff))}}","","adv_graphs::code"
"Basic","Path With Minimum Effort: Min max-difference path. Approach?","Dijkstra's tracking max effort on path","adv_graphs::problem"
"Cloze","2D DP has state depending on {{c1::two variables}}","","dp_2d::concept"
"Cloze","2D DP typically uses {{c1::O(m * n)}} space","","dp_2d::complexity"
"Cloze","2D DP can often be optimized to {{c1::O(n)}} space using rolling array","","dp_2d::concept"
"Cloze","{{c1::Grid DP}} problems have state per cell","","dp_2d::concept"
"Cloze","{{c1::String DP}} problems often have dp[i][j] for prefixes of two strings","","dp_2d::concept"
"Cloze","{{c1::Interval DP}} has dp[i][j] for substring/subarray from i to j","","dp_2d::concept"
"Cloze","{{c1::Knapsack}} problems have dp[i][w] for items 1..i with capacity w","","dp_2d::concept"
"Cloze","Initialize 2D DP: {{c1::dp = [[0] * (n + 1) for _ in range(m + 1)]}}","","dp_2d::python"
"Cloze","Initialize with infinity: {{c1::dp = [[float('inf')] * n for _ in range(m)]}}","","dp_2d::python"
"Cloze","Fill DP row by row: {{c1::for i in range(m): for j in range(n): dp[i][j] = ...}}","","dp_2d::python"
"Cloze","Access previous row for space optimization: {{c1::prev, curr = curr, [0] * n}}","","dp_2d::python"
"Basic","Problem involves 'two strings comparing'. What approach?","2D DP with dp[i][j] for prefixes","dp_2d::pattern"
"Basic","Problem asks for 'paths in grid'. What approach?","2D DP counting ways to reach each cell","dp_2d::pattern"
"Basic","Problem involves 'edit operations'. What approach?","2D DP tracking min operations for prefixes","dp_2d::pattern"
"Basic","Problem asks for 'longest common subsequence'. What approach?","2D DP, dp[i][j] = LCS of first i and first j chars","dp_2d::pattern"
"Basic","Problem involves 'knapsack with capacity'. What approach?","2D DP with dp[i][w] or space-optimized 1D","dp_2d::pattern"
"Basic","Problem asks for 'palindrome partitioning count'. What approach?","Interval DP with isPalindrome preprocessing","dp_2d::pattern"
"Basic","Problem involves 'buying/selling stock with cooldown'. What approach?","State machine DP tracking hold/sold/rest states","dp_2d::pattern"
"Cloze","Unique Paths: {{c1::dp[i][j] = dp[i-1][j] + dp[i][j-1]}}","","dp_2d::code"
"Cloze","Unique Paths base: {{c1::dp[0][j] = 1; dp[i][0] = 1}}","","dp_2d::code"
"Cloze","Unique Paths with obstacles: {{c1::dp[i][j] = 0 if obstacle else dp[i-1][j] + dp[i][j-1]}}","","dp_2d::code"
"Cloze","LCS recurrence: {{c1::if s1[i-1] == s2[j-1]: dp[i][j] = dp[i-1][j-1] + 1; else: dp[i][j] = max(dp[i-1][j], dp[i][j-1])}}","","dp_2d::code"
"Cloze","LCS base: {{c1::dp[0][j] = 0; dp[i][0] = 0}}","","dp_2d::code"
"Cloze","Edit distance recurrence: {{c1::if s1[i-1] == s2[j-1]: dp[i][j] = dp[i-1][j-1]; else: dp[i][j] = 1 + min(dp[i-1][j], dp[i][j-1], dp[i-1][j-1])}}","","dp_2d::code"
"Cloze","Edit distance operations: {{c1::dp[i-1][j] is delete, dp[i][j-1] is insert, dp[i-1][j-1] is replace}}","","dp_2d::code"
"Cloze","0/1 Knapsack: {{c1::dp[i][w] = max(dp[i-1][w], dp[i-1][w-weight[i]] + value[i])}}","","dp_2d::code"
"Cloze","0/1 Knapsack space optimized: {{c1::for w in range(W, weight[i]-1, -1): dp[w] = max(dp[w], dp[w-weight[i]] + value[i])}}","","dp_2d::code"
"Cloze","Longest palindromic substring - expand: {{c1::while left >= 0 and right < n and s[left] == s[right]: left -= 1; right += 1}}","","dp_2d::code"
"Cloze","Longest palindromic substring DP: {{c1::dp[i][j] = (s[i] == s[j]) and (j - i < 3 or dp[i+1][j-1])}}","","dp_2d::code"
"Cloze","Min path sum: {{c1::dp[i][j] = grid[i][j] + min(dp[i-1][j], dp[i][j-1])}}","","dp_2d::code"
"Cloze","Interleaving string: {{c1::dp[i][j] = (dp[i-1][j] and s1[i-1] == s3[i+j-1]) or (dp[i][j-1] and s2[j-1] == s3[i+j-1])}}","","dp_2d::code"
"Cloze","Distinct subsequences: {{c1::dp[i][j] = dp[i-1][j] + (dp[i-1][j-1] if s[i-1] == t[j-1] else 0)}}","","dp_2d::code"
"Cloze","Best time to buy/sell with cooldown: {{c1::hold = max(hold, rest - price); sold = hold + price; rest = max(rest, sold)}}","","dp_2d::code"
"Cloze","Coin change 2 (combinations): {{c1::for coin in coins: for amount in range(coin, target+1): dp[amount] += dp[amount - coin]}}","","dp_2d::code"
"Cloze","Target sum: {{c1::convert to subset sum: find subsets with sum (target + total) / 2}}","","dp_2d::code"
"Cloze","Burst balloons: {{c1::dp[i][j] = max(dp[i][k] + dp[k][j] + nums[i]*nums[k]*nums[j] for k in range(i+1, j))}}","","dp_2d::code"
"Cloze","Regular expression matching: {{c1::if p[j-1] == '*': dp[i][j] = dp[i][j-2] or (match and dp[i-1][j])}}","","dp_2d::code"
"Basic","Unique Paths: Ways to reach bottom-right. Approach?","dp[i][j] = dp[i-1][j] + dp[i][j-1]","dp_2d::problem"
"Basic","Unique Paths II: With obstacles. Approach?","Same but dp[i][j] = 0 if obstacle","dp_2d::problem"
"Basic","Longest Common Subsequence: Length of LCS. Approach?","dp[i][j] based on char match or max of skip one","dp_2d::problem"
"Basic","Edit Distance: Min operations to transform. Approach?","dp[i][j] = min of insert, delete, replace operations","dp_2d::problem"
"Basic","Target Sum: Ways to assign +/- to reach target. Approach?","Convert to subset sum: find (target + sum) / 2","dp_2d::problem"
"Basic","Coin Change 2: Number of combinations for amount. Approach?","2D DP or 1D with coins outer loop (combinations not permutations)","dp_2d::problem"
"Basic","Interleaving String: Can s3 be formed by interleaving s1, s2. Approach?","dp[i][j] = can form s3[:i+j] from s1[:i] and s2[:j]","dp_2d::problem"
"Basic","Longest Increasing Path in Matrix: Longest path with increasing values. Approach?","DFS with memoization from each cell","dp_2d::problem"
"Basic","Distinct Subsequences: Ways to form t from s by deleting chars. Approach?","dp[i][j] = subsequences of s[:i] that equal t[:j]","dp_2d::problem"
"Basic","Best Time with Cooldown: Max profit with cooldown after sell. Approach?","State machine: hold, sold, rest states","dp_2d::problem"
"Basic","Regular Expression Matching: Match with . and *. Approach?","2D DP handling . (any) and * (zero or more of prev)","dp_2d::problem"
"Basic","Burst Balloons: Max coins from bursting all. Approach?","Interval DP, consider last balloon burst in each range","dp_2d::problem"
"Basic","Time complexity of Unique Paths?","O(m * n)","dp_2d::complexity"
"Basic","Time complexity of LCS?","O(m * n)","dp_2d::complexity"
"Basic","Time complexity of Edit Distance?","O(m * n)","dp_2d::complexity"
"Basic","Time complexity of 0/1 Knapsack?","O(n * W)","dp_2d::complexity"
"Basic","Time complexity of Longest Increasing Path?","O(m * n)","dp_2d::complexity"
"Basic","Time complexity of Burst Balloons?","O(n³)","dp_2d::complexity"
"Basic","Space complexity of 2D DP?","O(m * n), can optimize to O(n) with rolling array","dp_2d::complexity"
"Basic","Why reverse loop for 0/1 knapsack space optimization?","Prevents using same item twice in current iteration","dp_2d::concept"
"Basic","Why is Coin Change 2 different from Combination Sum IV?","CC2 counts combinations (coins outer), CS4 counts permutations (amount outer)","dp_2d::concept"
"Basic","Why consider 'last balloon' in Burst Balloons?","Avoids interference - adjacent balloons are fixed boundaries","dp_2d::concept"
"Cloze","Maximal square: {{c1::dp[i][j] = min(dp[i-1][j], dp[i][j-1], dp[i-1][j-1]) + 1}} if cell is 1","","dp_2d::code"
"Basic","Maximal Square: Largest square of 1s in binary matrix. Approach?","dp[i][j] = side length of largest square ending at (i,j)","dp_2d::problem"
"Cloze","{{c1::AND}} (&): 1 only if both bits are 1","","bit_manipulation::concept"
"Cloze","{{c1::OR}} (|): 1 if at least one bit is 1","","bit_manipulation::concept"
"Cloze","{{c1::XOR}} (^): 1 if bits are different","","bit_manipulation::concept"
"Cloze","{{c1::NOT}} (~): flips all bits","","bit_manipulation::concept"
"Cloze","{{c1::Left shift}} (<<): multiply by 2^n","","bit_manipulation::concept"
"Cloze","{{c1::Right shift}} (>>): divide by 2^n","","bit_manipulation::concept"
"Cloze","x ^ x = {{c1::0}}","","bit_manipulation::concept"
"Cloze","x ^ 0 = {{c1::x}}","","bit_manipulation::concept"
"Cloze","x & (x - 1) removes {{c1::rightmost set bit}}","","bit_manipulation::concept"
"Cloze","x & (-x) isolates {{c1::rightmost set bit}}","","bit_manipulation::concept"
"Cloze","x | (x + 1) sets {{c1::rightmost unset bit}}","","bit_manipulation::concept"
"Cloze","Two's complement of x is {{c1::~x + 1}} or {{c2::-x}}","","bit_manipulation::concept"
"Cloze","Check if bit i is set: {{c1::(x >> i) & 1}} or {{c2::x & (1 << i)}}","","bit_manipulation::python"
"Cloze","Set bit i: {{c1::x | (1 << i)}}","","bit_manipulation::python"
"Cloze","Clear bit i: {{c1::x & ~(1 << i)}}","","bit_manipulation::python"
"Cloze","Toggle bit i: {{c1::x ^ (1 << i)}}","","bit_manipulation::python"
"Cloze","Check if power of 2: {{c1::x > 0 and x & (x - 1) == 0}}","","bit_manipulation::python"
"Cloze","Count set bits (Python): {{c1::bin(x).count('1')}}","","bit_manipulation::python"
"Cloze","Convert to binary string: {{c1::bin(x)}} returns '0b...'","","bit_manipulation::python"
"Cloze","Convert binary string to int: {{c1::int('1010', 2)}}","","bit_manipulation::python"
"Cloze","Python integer is {{c1::arbitrary precision}} (no overflow)","","bit_manipulation::python"
"Cloze","Get lowest n bits: {{c1::x & ((1 << n) - 1)}}","","bit_manipulation::python"
"Basic","Problem says 'find single element among duplicates'. What approach?","XOR all elements - duplicates cancel","bit_manipulation::pattern"
"Basic","Problem asks 'count set bits'. What approach?","Brian Kernighan: n & (n-1) removes one bit at a time","bit_manipulation::pattern"
"Basic","Problem involves 'subsets generation'. What approach?","Iterate 0 to 2^n-1, each number represents a subset","bit_manipulation::pattern"
"Basic","Problem asks 'reverse bits'. What approach?","Iterate through bits, build result","bit_manipulation::pattern"
"Basic","Problem involves 'addition without +'. What approach?","XOR for sum without carry, AND << 1 for carry, repeat","bit_manipulation::pattern"
"Basic","Problem asks 'missing number in 0 to n'. What approach?","XOR all numbers with 0 to n, or sum formula","bit_manipulation::pattern"
"Cloze","Single Number: {{c1::result = 0; for num in nums: result ^= num; return result}}","","bit_manipulation::code"
"Cloze","Number of 1 Bits: {{c1::count = 0; while n: n &= n - 1; count += 1; return count}}","","bit_manipulation::code"
"Cloze","Counting Bits dp: {{c1::dp[i] = dp[i >> 1] + (i & 1)}} or {{c2::dp[i] = dp[i & (i-1)] + 1}}","","bit_manipulation::code"
"Cloze","Reverse Bits: {{c1::result = 0; for _ in range(32): result = (result << 1) | (n & 1); n >>= 1}}","","bit_manipulation::code"
"Cloze","Missing Number: {{c1::result = len(nums); for i, num in enumerate(nums): result ^= i ^ num; return result}}","","bit_manipulation::code"
"Cloze","Sum of Two Integers: {{c1::while b: a, b = a ^ b, (a & b) << 1; return a}}","","bit_manipulation::code"
"Cloze","Sum of Two Integers (Python mask): {{c1::mask = 0xFFFFFFFF; ... handle negative with ~(a ^ mask)}}","","bit_manipulation::code"
"Cloze","Single Number II (appears 3 times): {{c1::ones, twos = 0, 0; for num: ones = (ones ^ num) & ~twos; twos = (twos ^ num) & ~ones}}","","bit_manipulation::code"
"Cloze","Single Number III (two singles): {{c1::xor_all = reduce(xor, nums); diff_bit = xor_all & -xor_all; group by diff_bit}}","","bit_manipulation::code"
"Cloze","Generate subsets with bits: {{c1::for mask in range(1 << n): subset = [nums[i] for i in range(n) if mask & (1 << i)]}}","","bit_manipulation::code"
"Basic","Single Number: Find element appearing once, others twice. Approach?","XOR all elements","bit_manipulation::problem"
"Basic","Number of 1 Bits: Count set bits in integer. Approach?","Brian Kernighan: n &= n-1 removes one bit","bit_manipulation::problem"
"Basic","Counting Bits: Count bits for 0 to n. Approach?","DP: dp[i] = dp[i >> 1] + (i & 1)","bit_manipulation::problem"
"Basic","Reverse Bits: Reverse 32-bit unsigned integer. Approach?","Extract LSB, add to result, shift both","bit_manipulation::problem"
"Basic","Missing Number: Find missing in 0 to n. Approach?","XOR all nums with 0 to n, or sum difference","bit_manipulation::problem"
"Basic","Sum of Two Integers: Add without +/-. Approach?","XOR for sum, AND << 1 for carry, repeat","bit_manipulation::problem"
"Basic","Single Number II: Find element appearing once, others three times. Approach?","Track bits appearing 1 and 2 times with state machine","bit_manipulation::problem"
"Basic","Single Number III: Find two elements appearing once. Approach?","XOR all, find diff bit, split into two groups","bit_manipulation::problem"
"Basic","Time complexity of Single Number?","O(n)","bit_manipulation::complexity"
"Basic","Time complexity of Number of 1 Bits?","O(number of set bits) = O(log n)","bit_manipulation::complexity"
"Basic","Time complexity of Counting Bits?","O(n)","bit_manipulation::complexity"
"Basic","Time complexity of Reverse Bits?","O(1) - always 32 iterations","bit_manipulation::complexity"
"Basic","Space complexity of bit manipulation solutions?","Usually O(1)","bit_manipulation::complexity"
"Basic","Why does XOR find single number?","a ^ a = 0, so duplicates cancel; 0 ^ x = x, so single remains","bit_manipulation::concept"
"Basic","Why does n & (n-1) remove rightmost bit?","n-1 flips rightmost 1 and all bits to its right; AND clears those","bit_manipulation::concept"
"Basic","How does bitmask represent subset?","Bit i set means element i is included; 2^n masks for n elements","bit_manipulation::concept"
"Cloze","Power of two: {{c1::n > 0 and n & (n - 1) == 0}}","","bit_manipulation::code"
"Basic","Power of Two: Check if n is power of 2. Approach?","n > 0 and n & (n-1) == 0 (only one bit set)","bit_manipulation::problem"
"Cloze","Bitwise AND of range: {{c1::while m < n: m &= m - 1; n &= n - 1; ... or find common prefix}}","","bit_manipulation::code"
"Basic","Bitwise AND of Numbers Range: AND of all numbers m to n. Approach?","Find common prefix of m and n in binary","bit_manipulation::problem"
"Cloze","Hamming distance: {{c1::bin(x ^ y).count('1')}} or count bits of x ^ y","","bit_manipulation::code"
"Basic","Hamming Distance: Count differing bits between two integers. Approach?","XOR then count set bits","bit_manipulation::problem"
"Cloze","{{c1::GCD}} (Greatest Common Divisor) is largest number dividing both","","math_geometry::concept"
"Cloze","{{c1::LCM}} = (a * b) / GCD(a, b)","","math_geometry::concept"
"Cloze","Euclidean algorithm: GCD(a, b) = GCD(b, {{c1::a % b}})","","math_geometry::concept"
"Cloze","A number is prime if divisible only by {{c1::1 and itself}}","","math_geometry::concept"
"Cloze","Check prime up to {{c1::sqrt(n)}}","","math_geometry::concept"
"Cloze","{{c1::Sieve of Eratosthenes}} finds all primes up to n in O(n log log n)","","math_geometry::concept"
"Cloze","{{c1::Modular arithmetic}}: (a + b) % m = ((a % m) + (b % m)) % m","","math_geometry::concept"
"Cloze","Modular multiplication: (a * b) % m = ((a % m) * (b % m)) % m","","math_geometry::concept"
"Cloze","{{c1::Fast exponentiation}}: compute a^n in O(log n)","","math_geometry::concept"
"Cloze","Manhattan distance: {{c1::|x1 - x2| + |y1 - y2|}}","","math_geometry::concept"
"Cloze","Euclidean distance: {{c1::sqrt((x1-x2)² + (y1-y2)²)}}","","math_geometry::concept"
"Cloze","Import math: {{c1::import math}}","","math_geometry::python"
"Cloze","GCD in Python: {{c1::math.gcd(a, b)}}","","math_geometry::python"
"Cloze","LCM in Python: {{c1::math.lcm(a, b)}} (Python 3.9+) or {{c2::a * b // math.gcd(a, b)}}","","math_geometry::python"
"Cloze","Square root: {{c1::math.sqrt(x)}} or {{c2::x ** 0.5}}","","math_geometry::python"
"Cloze","Integer square root: {{c1::math.isqrt(x)}} (Python 3.8+)","","math_geometry::python"
"Cloze","Floor: {{c1::math.floor(x)}} or {{c2::x // 1}}","","math_geometry::python"
"Cloze","Ceiling: {{c1::math.ceil(x)}} or {{c2::-(-x // 1)}}","","math_geometry::python"
"Cloze","Absolute value: {{c1::abs(x)}}","","math_geometry::python"
"Cloze","Power with modulo: {{c1::pow(base, exp, mod)}}","","math_geometry::python"
"Cloze","Factorial: {{c1::math.factorial(n)}}","","math_geometry::python"
"Cloze","Combinations: {{c1::math.comb(n, k)}} (Python 3.8+)","","math_geometry::python"
"Cloze","Permutations: {{c1::math.perm(n, k)}} (Python 3.8+)","","math_geometry::python"
"Cloze","Infinity: {{c1::float('inf')}}","","math_geometry::python"
"Basic","Problem involves 'divisibility'. What to consider?","GCD, prime factorization","math_geometry::pattern"
"Basic","Problem asks for 'count primes'. What approach?","Sieve of Eratosthenes","math_geometry::pattern"
"Basic","Problem involves 'large power with modulo'. What approach?","Fast exponentiation: pow(base, exp, mod)","math_geometry::pattern"
"Basic","Problem involves 'points and lines'. What to consider?","Slopes, cross product for collinearity","math_geometry::pattern"
"Basic","Problem asks for 'closest points'. What approach?","Compare squared distances (avoid sqrt)","math_geometry::pattern"
"Basic","Problem involves 'detect cycle in sequence'. What approach?","Floyd's cycle detection","math_geometry::pattern"
"Basic","Problem involves 'matrix rotation'. What approach?","Transpose then reverse rows","math_geometry::pattern"
"Cloze","Rotate image 90° clockwise: {{c1::transpose (swap i,j), then reverse each row}}","","math_geometry::code"
"Cloze","Transpose matrix: {{c1::for i in range(n): for j in range(i+1, n): matrix[i][j], matrix[j][i] = matrix[j][i], matrix[i][j]}}","","math_geometry::code"
"Cloze","Reverse row: {{c1::matrix[i].reverse()}} or {{c2::matrix[i] = matrix[i][::-1]}}","","math_geometry::code"
"Cloze","Spiral order - boundaries: {{c1::top, bottom, left, right = 0, m-1, 0, n-1}}","","math_geometry::code"
"Cloze","Spiral order - traverse: {{c1::go right, down, left, up; shrink boundaries}}","","math_geometry::code"
"Cloze","Set matrix zeros - mark: {{c1::use first row/col as markers, track if they were originally zero}}","","math_geometry::code"
"Cloze","Happy number - detect cycle: {{c1::Floyd's: slow = sum_digits(slow); fast = sum_digits(sum_digits(fast))}}","","math_geometry::code"
"Cloze","Happy number - digit sum: {{c1::def digit_sum(n): return sum(int(d)**2 for d in str(n))}}","","math_geometry::code"
"Cloze","Plus one - handle carry: {{c1::for i in range(len(digits)-1, -1, -1): if digits[i] < 9: digits[i] += 1; return digits; digits[i] = 0; return [1] + digits}}","","math_geometry::code"
"Cloze","Pow(x, n) recursive: {{c1::if n < 0: return 1 / pow(x, -n); if n == 0: return 1; half = pow(x, n // 2); return half * half * (x if n % 2 else 1)}}","","math_geometry::code"
"Cloze","Pow(x, n) iterative: {{c1::result = 1; while n: if n & 1: result *= x; x *= x; n >>= 1}}","","math_geometry::code"
"Cloze","Multiply strings - digit by digit: {{c1::result[i + j + 1] += int(num1[i]) * int(num2[j])}}","","math_geometry::code"
"Cloze","Sieve of Eratosthenes: {{c1::is_prime = [True] * (n+1); for i in range(2, isqrt(n)+1): if is_prime[i]: for j in range(i*i, n+1, i): is_prime[j] = False}}","","math_geometry::code"
"Cloze","GCD recursive: {{c1::def gcd(a, b): return a if b == 0 else gcd(b, a % b)}}","","math_geometry::code"
"Cloze","Check collinear points: {{c1::(y2-y1)*(x3-x2) == (y3-y2)*(x2-x1)}} to avoid division","","math_geometry::code"
"Cloze","Detect squares - check diagonal: {{c1::for px, py in points with same x or y: check if forms square}}","","math_geometry::code"
"Basic","Rotate Image: Rotate matrix 90° clockwise in-place. Approach?","Transpose then reverse each row","math_geometry::problem"
"Basic","Spiral Matrix: Return elements in spiral order. Approach?","Track boundaries, traverse right/down/left/up, shrink","math_geometry::problem"
"Basic","Set Matrix Zeroes: Zero entire row/col if cell is 0. Approach?","Use first row/col as markers, process in reverse","math_geometry::problem"
"Basic","Happy Number: Does digit square sum eventually reach 1. Approach?","Floyd's cycle detection or set to track seen","math_geometry::problem"
"Basic","Plus One: Add 1 to number as digit array. Approach?","Handle carry from end, prepend 1 if needed","math_geometry::problem"
"Basic","Pow(x, n): Implement power function. Approach?","Fast exponentiation: x^n = (x^(n/2))^2","math_geometry::problem"
"Basic","Multiply Strings: Multiply as strings. Approach?","Grade school multiplication, digit by digit","math_geometry::problem"
"Basic","Count Primes: Count primes less than n. Approach?","Sieve of Eratosthenes","math_geometry::problem"
"Basic","Time complexity of Rotate Image?","O(n²)","math_geometry::complexity"
"Basic","Time complexity of Spiral Matrix?","O(m * n)","math_geometry::complexity"
"Basic","Time complexity of Pow(x, n)?","O(log n)","math_geometry::complexity"
"Basic","Time complexity of Multiply Strings?","O(m * n) where m, n are string lengths","math_geometry::complexity"
"Basic","Time complexity of Sieve of Eratosthenes?","O(n log log n)","math_geometry::complexity"
"Basic","Space complexity of Set Matrix Zeroes optimal?","O(1) using first row/col as markers","math_geometry::complexity"
"Basic","Why check only up to sqrt(n) for primality?","If n = a * b and a <= b, then a <= sqrt(n)","math_geometry::concept"
"Basic","Why use squared distance instead of Euclidean?","Avoids floating point errors and sqrt computation","math_geometry::concept"
"Basic","How to avoid division when checking slopes?","Cross multiply: (y2-y1)/(x2-x1) = (y3-y2)/(x3-x2) becomes (y2-y1)*(x3-x2) = (y3-y2)*(x2-x1)","math_geometry::concept"
"Cloze","Valid square - four points: {{c1::check distances: 4 equal sides, 2 equal diagonals, diagonals > sides}}","","math_geometry::code"
"Basic","Valid Square: Check if four points form square. Approach?","Calculate all 6 distances: 4 equal sides, 2 equal diagonals","math_geometry::problem"
"Cloze","Robot bounded in circle: {{c1::after one instruction cycle, returns to origin OR not facing north}}","","math_geometry::code"
"Basic","Robot Bounded In Circle: Does robot stay bounded. Approach?","Simulate one cycle: bounded if at origin or not facing north","math_geometry::problem"
